#,"Date Time, GMT-08:00","Temp, °F (LGR S/N: 20607127, SEN S/N: 20607127)"
1,5/26/2019,44.31
2,5/26/2019,44.537
3,5/26/2019,44.764
4,5/26/2019,44.674
5,5/26/2019,44.764
6,5/26/2019,44.901
7,5/26/2019,45.307
8,5/26/2019,45.669
9,5/26/2019,45.669
10,5/26/2019,45.489
11,5/26/2019,45.489
12,5/26/2019,45.399
13,5/26/2019,45.399
14,5/26/2019,45.307
15,5/27/2019,45.172
16,5/27/2019,45.082
17,5/27/2019,44.946
18,5/27/2019,44.856
19,5/27/2019,44.582
20,5/27/2019,44.31
21,5/27/2019,44.492
22,5/27/2019,44.445
23,5/27/2019,44.4
24,5/27/2019,43.99
25,5/27/2019,44.218
26,5/27/2019,43.945
27,5/27/2019,43.945
28,5/27/2019,43.716
29,5/27/2019,43.579
30,5/27/2019,43.579
31,5/27/2019,43.763
32,5/27/2019,43.853
33,5/27/2019,44.037
34,5/27/2019,44.173
35,5/27/2019,44.127
36,5/27/2019,44.537
37,5/27/2019,44.127
38,5/27/2019,44.218
39,5/27/2019,44.719
40,5/27/2019,45.172
41,5/27/2019,45.399
42,5/27/2019,45.444
43,5/27/2019,45.761
44,5/27/2019,45.354
45,5/27/2019,45.761
46,5/27/2019,45.986
47,5/27/2019,46.211
48,5/27/2019,46.211
49,5/27/2019,46.301
50,5/27/2019,46.076
51,5/27/2019,46.436
52,5/27/2019,46.616
53,5/27/2019,46.526
54,5/27/2019,46.391
55,5/27/2019,46.571
56,5/27/2019,46.301
57,5/27/2019,46.481
58,5/27/2019,46.391
59,5/27/2019,46.031
60,5/27/2019,46.211
61,5/27/2019,45.624
62,5/27/2019,46.121
63,5/28/2019,46.211
64,5/28/2019,45.896
65,5/28/2019,45.579
66,5/28/2019,45.941
67,5/28/2019,45.941
68,5/28/2019,45.761
69,5/28/2019,46.166
70,5/28/2019,45.399
71,5/28/2019,46.031
72,5/28/2019,46.121
73,5/28/2019,45.851
74,5/28/2019,46.211
75,5/28/2019,46.121
76,5/28/2019,46.031
77,5/28/2019,46.031
78,5/28/2019,46.256
79,5/28/2019,46.031
80,5/28/2019,46.121
81,5/28/2019,46.121
82,5/28/2019,46.256
83,5/28/2019,46.256
84,5/28/2019,46.391
85,5/28/2019,46.481
86,5/28/2019,46.481
87,5/28/2019,47.019
88,5/28/2019,47.064
89,5/28/2019,47.019
90,5/28/2019,47.377
91,5/28/2019,47.557
92,5/28/2019,47.557
93,5/28/2019,47.557
94,5/28/2019,47.736
95,5/28/2019,47.377
96,5/28/2019,47.467
97,5/28/2019,47.467
98,5/28/2019,47.557
99,5/28/2019,47.736
100,5/28/2019,47.691
101,5/28/2019,47.959
102,5/28/2019,47.736
103,5/28/2019,47.959
104,5/28/2019,47.826
105,5/28/2019,47.736
106,5/28/2019,47.914
107,5/28/2019,47.602
108,5/28/2019,47.557
109,5/28/2019,47.557
110,5/28/2019,47.377
111,5/29/2019,47.289
112,5/29/2019,47.377
113,5/29/2019,47.244
114,5/29/2019,47.334
115,5/29/2019,47.244
116,5/29/2019,47.064
117,5/29/2019,46.931
118,5/29/2019,46.974
119,5/29/2019,46.931
120,5/29/2019,46.974
121,5/29/2019,46.931
122,5/29/2019,46.886
123,5/29/2019,46.841
124,5/29/2019,46.931
125,5/29/2019,46.751
126,5/29/2019,46.706
127,5/29/2019,46.796
128,5/29/2019,46.841
129,5/29/2019,46.841
130,5/29/2019,46.796
131,5/29/2019,46.706
132,5/29/2019,46.751
133,5/29/2019,46.661
134,5/29/2019,46.706
135,5/29/2019,46.661
136,5/29/2019,46.841
137,5/29/2019,46.931
138,5/29/2019,46.974
139,5/29/2019,47.109
140,5/29/2019,46.974
141,5/29/2019,47.064
142,5/29/2019,47.109
143,5/29/2019,47.154
144,5/29/2019,47.109
145,5/29/2019,47.377
146,5/29/2019,47.109
147,5/29/2019,47.289
148,5/29/2019,47.244
149,5/29/2019,47.244
150,5/29/2019,47.019
151,5/29/2019,47.109
152,5/29/2019,47.244
153,5/29/2019,47.064
154,5/29/2019,47.199
155,5/29/2019,47.019
156,5/29/2019,46.886
157,5/29/2019,46.796
158,5/29/2019,46.751
159,5/30/2019,46.706
160,5/30/2019,46.706
161,5/30/2019,46.751
162,5/30/2019,46.706
163,5/30/2019,46.751
164,5/30/2019,46.796
165,5/30/2019,46.751
166,5/30/2019,46.751
167,5/30/2019,46.751
168,5/30/2019,46.661
169,5/30/2019,46.661
170,5/30/2019,46.796
171,5/30/2019,46.571
172,5/30/2019,46.571
173,5/30/2019,46.616
174,5/30/2019,46.616
175,5/30/2019,46.436
176,5/30/2019,46.481
177,5/30/2019,46.571
178,5/30/2019,46.481
179,5/30/2019,46.616
180,5/30/2019,46.391
181,5/30/2019,46.481
182,5/30/2019,46.481
183,5/30/2019,46.526
184,5/30/2019,46.661
185,5/30/2019,46.571
186,5/30/2019,46.571
187,5/30/2019,46.616
188,5/30/2019,46.616
189,5/30/2019,46.571
190,5/30/2019,46.661
191,5/30/2019,46.616
192,5/30/2019,46.391
193,5/30/2019,46.481
194,5/30/2019,46.616
195,5/30/2019,46.616
196,5/30/2019,46.616
197,5/30/2019,46.481
198,5/30/2019,46.346
199,5/30/2019,46.436
200,5/30/2019,46.481
201,5/30/2019,46.301
202,5/30/2019,46.166
203,5/30/2019,46.031
204,5/30/2019,46.076
205,5/30/2019,45.941
206,5/30/2019,45.986
207,5/31/2019,45.714
208,5/31/2019,45.444
209,5/31/2019,45.489
210,5/31/2019,45.489
211,5/31/2019,45.534
212,5/31/2019,45.399
213,5/31/2019,45.444
214,5/31/2019,45.444
215,5/31/2019,45.534
216,5/31/2019,45.624
217,5/31/2019,45.669
218,5/31/2019,45.669
219,5/31/2019,45.624
220,5/31/2019,45.579
221,5/31/2019,45.579
222,5/31/2019,45.624
223,5/31/2019,45.534
224,5/31/2019,45.669
225,5/31/2019,45.669
226,5/31/2019,45.579
227,5/31/2019,45.714
228,5/31/2019,45.851
229,5/31/2019,45.851
230,5/31/2019,45.714
231,5/31/2019,45.851
232,5/31/2019,45.851
233,5/31/2019,45.761
234,5/31/2019,45.896
235,5/31/2019,46.076
236,5/31/2019,46.031
237,5/31/2019,46.166
238,5/31/2019,46.076
239,5/31/2019,46.121
240,5/31/2019,46.031
241,5/31/2019,46.211
242,5/31/2019,46.571
243,5/31/2019,46.211
244,5/31/2019,46.256
245,5/31/2019,46.211
246,5/31/2019,46.031
247,5/31/2019,46.166
248,5/31/2019,45.896
249,5/31/2019,46.166
250,5/31/2019,46.031
251,5/31/2019,46.076
252,5/31/2019,45.986
253,5/31/2019,45.896
254,5/31/2019,45.851
255,6/1/2019,45.714
256,6/1/2019,45.624
257,6/1/2019,45.714
258,6/1/2019,45.624
259,6/1/2019,45.624
260,6/1/2019,45.579
261,6/1/2019,45.579
262,6/1/2019,45.669
263,6/1/2019,45.489
264,6/1/2019,45.444
265,6/1/2019,45.489
266,6/1/2019,45.579
267,6/1/2019,45.579
268,6/1/2019,45.714
269,6/1/2019,45.669
270,6/1/2019,45.489
271,6/1/2019,45.669
272,6/1/2019,45.489
273,6/1/2019,45.534
274,6/1/2019,45.669
275,6/1/2019,45.714
276,6/1/2019,45.669
277,6/1/2019,45.851
278,6/1/2019,45.941
279,6/1/2019,45.986
280,6/1/2019,45.986
281,6/1/2019,46.031
282,6/1/2019,46.076
283,6/1/2019,46.256
284,6/1/2019,46.121
285,6/1/2019,46.301
286,6/1/2019,46.391
287,6/1/2019,46.346
288,6/1/2019,46.166
289,6/1/2019,46.391
290,6/1/2019,46.391
291,6/1/2019,46.481
292,6/1/2019,46.301
293,6/1/2019,46.211
294,6/1/2019,46.211
295,6/1/2019,46.301
296,6/1/2019,46.301
297,6/1/2019,46.301
298,6/1/2019,46.301
299,6/1/2019,46.256
300,6/1/2019,46.211
301,6/1/2019,46.256
302,6/1/2019,46.166
303,6/2/2019,46.031
304,6/2/2019,46.121
305,6/2/2019,45.851
306,6/2/2019,45.896
307,6/2/2019,45.806
308,6/2/2019,45.669
309,6/2/2019,45.669
310,6/2/2019,45.399
311,6/2/2019,45.444
312,6/2/2019,45.444
313,6/2/2019,45.399
314,6/2/2019,45.399
315,6/2/2019,45.354
316,6/2/2019,45.307
317,6/2/2019,45.307
318,6/2/2019,45.217
319,6/2/2019,45.307
320,6/2/2019,45.444
321,6/2/2019,45.489
322,6/2/2019,45.669
323,6/2/2019,45.761
324,6/2/2019,45.669
325,6/2/2019,45.941
326,6/2/2019,46.121
327,6/2/2019,46.256
328,6/2/2019,46.481
329,6/2/2019,46.706
330,6/2/2019,46.886
331,6/2/2019,47.109
332,6/2/2019,47.244
333,6/2/2019,47.334
334,6/2/2019,47.467
335,6/2/2019,47.557
336,6/2/2019,47.602
337,6/2/2019,47.691
338,6/2/2019,47.557
339,6/2/2019,47.512
340,6/2/2019,47.557
341,6/2/2019,47.647
342,6/2/2019,47.467
343,6/2/2019,47.557
344,6/2/2019,47.422
345,6/2/2019,47.377
346,6/2/2019,47.244
347,6/2/2019,47.154
348,6/2/2019,47.244
349,6/2/2019,47.289
350,6/2/2019,47.199
351,6/3/2019,47.422
352,6/3/2019,47.334
353,6/3/2019,47.109
354,6/3/2019,47.019
355,6/3/2019,47.109
356,6/3/2019,47.019
357,6/3/2019,46.974
358,6/3/2019,46.931
359,6/3/2019,46.974
360,6/3/2019,46.974
361,6/3/2019,46.796
362,6/3/2019,46.841
363,6/3/2019,46.796
364,6/3/2019,46.706
365,6/3/2019,46.886
366,6/3/2019,46.886
367,6/3/2019,46.974
368,6/3/2019,47.019
369,6/3/2019,46.974
370,6/3/2019,47.019
371,6/3/2019,47.064
372,6/3/2019,47.109
373,6/3/2019,47.109
374,6/3/2019,47.154
375,6/3/2019,46.974
376,6/3/2019,47.244
377,6/3/2019,47.199
378,6/3/2019,47.154
379,6/3/2019,47.109
380,6/3/2019,46.841
381,6/3/2019,46.886
382,6/3/2019,46.706
383,6/3/2019,46.751
384,6/3/2019,46.931
385,6/3/2019,46.661
386,6/3/2019,47.064
387,6/3/2019,47.244
388,6/3/2019,47.064
389,6/3/2019,47.154
390,6/3/2019,47.019
391,6/3/2019,47.289
392,6/3/2019,47.289
393,6/3/2019,47.289
394,6/3/2019,47.289
395,6/3/2019,47.244
396,6/3/2019,47.199
397,6/3/2019,47.154
398,6/3/2019,47.064
399,6/4/2019,47.109
400,6/4/2019,47.199
401,6/4/2019,47.109
402,6/4/2019,47.199
403,6/4/2019,47.019
404,6/4/2019,47.109
405,6/4/2019,47.154
406,6/4/2019,47.019
407,6/4/2019,47.109
408,6/4/2019,47.109
409,6/4/2019,47.334
410,6/4/2019,47.334
411,6/4/2019,47.064
412,6/4/2019,47.109
413,6/4/2019,47.334
414,6/4/2019,47.289
415,6/4/2019,47.377
416,6/4/2019,47.377
417,6/4/2019,47.244
418,6/4/2019,47.377
419,6/4/2019,47.199
420,6/4/2019,47.377
421,6/4/2019,47.422
422,6/4/2019,47.512
423,6/4/2019,47.512
424,6/4/2019,47.736
425,6/4/2019,47.602
426,6/4/2019,47.781
427,6/4/2019,47.736
428,6/4/2019,47.691
429,6/4/2019,47.377
430,6/4/2019,47.691
431,6/4/2019,47.647
432,6/4/2019,47.691
433,6/4/2019,47.781
434,6/4/2019,47.781
435,6/4/2019,47.914
436,6/4/2019,48.004
437,6/4/2019,48.049
438,6/4/2019,48.004
439,6/4/2019,47.871
440,6/4/2019,48.137
441,6/4/2019,47.736
442,6/4/2019,47.914
443,6/4/2019,47.914
444,6/4/2019,47.826
445,6/4/2019,47.736
446,6/4/2019,47.871
447,6/5/2019,47.736
448,6/5/2019,47.826
449,6/5/2019,47.781
450,6/5/2019,47.602
451,6/5/2019,47.736
452,6/5/2019,47.557
453,6/5/2019,47.557
454,6/5/2019,47.422
455,6/5/2019,47.467
456,6/5/2019,47.557
457,6/5/2019,47.512
458,6/5/2019,47.422
459,6/5/2019,47.467
460,6/5/2019,47.422
461,6/5/2019,47.557
462,6/5/2019,47.557
463,6/5/2019,47.602
464,6/5/2019,47.647
465,6/5/2019,47.691
466,6/5/2019,47.736
467,6/5/2019,47.914
468,6/5/2019,48.094
469,6/5/2019,48.182
470,6/5/2019,48.272
471,6/5/2019,48.36
472,6/5/2019,48.583
473,6/5/2019,48.938
474,6/5/2019,49.161
475,6/5/2019,49.338
476,6/5/2019,49.338
477,6/5/2019,49.428
478,6/5/2019,49.604
479,6/5/2019,49.516
480,6/5/2019,49.692
481,6/5/2019,49.87
482,6/5/2019,50.488
483,6/5/2019,50.18
484,6/5/2019,50.311
485,6/5/2019,50.223
486,6/5/2019,50.002
487,6/5/2019,50.223
488,6/5/2019,50.311
489,6/5/2019,50.223
490,6/5/2019,50.135
491,6/5/2019,50.047
492,6/5/2019,49.782
493,6/5/2019,49.561
494,6/5/2019,49.604
495,6/6/2019,49.516
496,6/6/2019,49.338
497,6/6/2019,49.383
498,6/6/2019,49.249
499,6/6/2019,49.294
500,6/6/2019,49.161
501,6/6/2019,49.249
502,6/6/2019,49.116
503,6/6/2019,49.161
504,6/6/2019,48.983
505,6/6/2019,48.983
506,6/6/2019,48.983
507,6/6/2019,48.983
508,6/6/2019,48.983
509,6/6/2019,48.983
510,6/6/2019,48.938
511,6/6/2019,48.983
512,6/6/2019,49.028
513,6/6/2019,49.028
514,6/6/2019,49.161
515,6/6/2019,49.294
516,6/6/2019,49.428
517,6/6/2019,49.561
518,6/6/2019,49.782
519,6/6/2019,49.87
520,6/6/2019,50.047
521,6/6/2019,50.311
522,6/6/2019,50.445
523,6/6/2019,50.576
524,6/6/2019,50.533
525,6/6/2019,50.664
526,6/6/2019,50.4
527,6/6/2019,50.797
528,6/6/2019,50.886
529,6/6/2019,50.929
530,6/6/2019,50.886
531,6/6/2019,51.062
532,6/6/2019,50.886
533,6/6/2019,51.017
534,6/6/2019,50.797
535,6/6/2019,51.062
536,6/6/2019,51.193
537,6/6/2019,51.193
538,6/6/2019,51.148
539,6/6/2019,51.105
540,6/6/2019,50.709
541,6/6/2019,50.797
542,6/6/2019,50.797
543,6/7/2019,50.664
544,6/7/2019,50.533
545,6/7/2019,50.533
546,6/7/2019,50.445
547,6/7/2019,50.533
548,6/7/2019,50.533
549,6/7/2019,50.356
550,6/7/2019,50.223
551,6/7/2019,50.4
552,6/7/2019,50.311
553,6/7/2019,50.356
554,6/7/2019,50.4
555,6/7/2019,50.4
556,6/7/2019,50.311
557,6/7/2019,50.223
558,6/7/2019,50.18
559,6/7/2019,50.047
560,6/7/2019,50.135
561,6/7/2019,50.268
562,6/7/2019,50.311
563,6/7/2019,50.445
564,6/7/2019,50.488
565,6/7/2019,50.621
566,6/7/2019,50.752
567,6/7/2019,50.752
568,6/7/2019,50.797
569,6/7/2019,50.533
570,6/7/2019,50.533
571,6/7/2019,50.974
572,6/7/2019,51.237
573,6/7/2019,51.544
574,6/7/2019,51.501
575,6/7/2019,51.544
576,6/7/2019,51.633
577,6/7/2019,51.678
578,6/7/2019,51.678
579,6/7/2019,51.589
580,6/7/2019,51.895
581,6/7/2019,51.633
582,6/7/2019,51.721
583,6/7/2019,51.678
584,6/7/2019,51.721
585,6/7/2019,51.678
586,6/7/2019,51.633
587,6/7/2019,51.544
588,6/7/2019,51.413
589,6/7/2019,51.193
590,6/7/2019,51.282
591,6/8/2019,51.017
592,6/8/2019,50.841
593,6/8/2019,50.752
594,6/8/2019,50.621
595,6/8/2019,50.576
596,6/8/2019,50.576
597,6/8/2019,50.4
598,6/8/2019,50.311
599,6/8/2019,50.268
600,6/8/2019,50.135
601,6/8/2019,50.002
602,6/8/2019,49.782
603,6/8/2019,49.782
604,6/8/2019,49.914
605,6/8/2019,49.825
606,6/8/2019,49.959
607,6/8/2019,50.002
608,6/8/2019,50.002
609,6/8/2019,50.002
610,6/8/2019,49.959
611,6/8/2019,50.047
612,6/8/2019,50.092
613,6/8/2019,50.092
614,6/8/2019,49.959
615,6/8/2019,49.87
616,6/8/2019,49.87
617,6/8/2019,49.87
618,6/8/2019,49.649
619,6/8/2019,49.737
620,6/8/2019,49.737
621,6/8/2019,49.692
622,6/8/2019,49.604
623,6/8/2019,49.516
624,6/8/2019,49.383
625,6/8/2019,49.161
626,6/8/2019,48.628
627,6/8/2019,48.717
628,6/8/2019,48.762
629,6/8/2019,48.538
630,6/8/2019,48.672
631,6/8/2019,48.583
632,6/8/2019,48.628
633,6/8/2019,48.538
634,6/8/2019,48.583
635,6/8/2019,48.36
636,6/8/2019,48.36
637,6/8/2019,48.405
638,6/8/2019,48.36
639,6/9/2019,48.538
640,6/9/2019,48.493
641,6/9/2019,48.538
642,6/9/2019,48.45
643,6/9/2019,48.405
644,6/9/2019,48.36
645,6/9/2019,48.182
646,6/9/2019,48.272
647,6/9/2019,48.272
648,6/9/2019,48.272
649,6/9/2019,48.272
650,6/9/2019,48.272
651,6/9/2019,48.272
652,6/9/2019,48.094
653,6/9/2019,48.315
654,6/9/2019,48.405
655,6/9/2019,48.538
656,6/9/2019,48.538
657,6/9/2019,48.405
658,6/9/2019,48.717
659,6/9/2019,48.85
660,6/9/2019,49.028
661,6/9/2019,49.249
662,6/9/2019,49.428
663,6/9/2019,49.471
664,6/9/2019,49.471
665,6/9/2019,49.428
666,6/9/2019,49.249
667,6/9/2019,49.604
668,6/9/2019,49.604
669,6/9/2019,49.692
670,6/9/2019,49.914
671,6/9/2019,50.223
672,6/9/2019,50.223
673,6/9/2019,50.223
674,6/9/2019,50.664
675,6/9/2019,50.709
676,6/9/2019,50.356
677,6/9/2019,50.356
678,6/9/2019,50.752
679,6/9/2019,50.797
680,6/9/2019,50.621
681,6/9/2019,50.709
682,6/9/2019,50.488
683,6/9/2019,50.311
684,6/9/2019,50.4
685,6/9/2019,50.356
686,6/9/2019,49.87
687,6/10/2019,50.092
688,6/10/2019,50.047
689,6/10/2019,50.047
690,6/10/2019,49.959
691,6/10/2019,49.87
692,6/10/2019,49.782
693,6/10/2019,49.782
694,6/10/2019,49.782
695,6/10/2019,49.782
696,6/10/2019,49.737
697,6/10/2019,49.561
698,6/10/2019,49.604
699,6/10/2019,49.649
700,6/10/2019,49.604
701,6/10/2019,49.649
702,6/10/2019,49.649
703,6/10/2019,49.692
704,6/10/2019,49.692
705,6/10/2019,49.737
706,6/10/2019,49.782
707,6/10/2019,49.87
708,6/10/2019,50.047
709,6/10/2019,50.092
710,6/10/2019,50.445
711,6/10/2019,50.533
712,6/10/2019,50.752
713,6/10/2019,50.886
714,6/10/2019,51.105
715,6/10/2019,51.325
716,6/10/2019,51.282
717,6/10/2019,51.37
718,6/10/2019,51.325
719,6/10/2019,51.325
720,6/10/2019,51.325
721,6/10/2019,50.974
722,6/10/2019,51.017
723,6/10/2019,51.062
724,6/10/2019,51.105
725,6/10/2019,51.193
726,6/10/2019,51.017
727,6/10/2019,50.488
728,6/10/2019,50.4
729,6/10/2019,50.929
730,6/10/2019,50.445
731,6/10/2019,50.664
732,6/10/2019,50.223
733,6/10/2019,50.664
734,6/10/2019,50.929
735,6/11/2019,51.193
736,6/11/2019,51.062
737,6/11/2019,51.105
738,6/11/2019,51.062
739,6/11/2019,50.841
740,6/11/2019,50.974
741,6/11/2019,51.062
742,6/11/2019,51.017
743,6/11/2019,51.105
744,6/11/2019,51.148
745,6/11/2019,51.105
746,6/11/2019,51.105
747,6/11/2019,51.105
748,6/11/2019,51.193
749,6/11/2019,51.062
750,6/11/2019,51.017
751,6/11/2019,50.752
752,6/11/2019,50.929
753,6/11/2019,50.797
754,6/11/2019,50.797
755,6/11/2019,50.752
756,6/11/2019,50.664
757,6/11/2019,50.664
758,6/11/2019,50.576
759,6/11/2019,50.752
760,6/11/2019,50.752
761,6/11/2019,50.797
762,6/11/2019,50.841
763,6/11/2019,50.841
764,6/11/2019,50.752
765,6/11/2019,50.621
766,6/11/2019,50.576
767,6/11/2019,50.488
768,6/11/2019,50.268
769,6/11/2019,50.18
770,6/11/2019,50.047
771,6/11/2019,49.825
772,6/11/2019,49.692
773,6/11/2019,49.649
774,6/11/2019,49.516
775,6/11/2019,49.471
776,6/11/2019,49.204
777,6/11/2019,48.805
778,6/11/2019,48.628
779,6/11/2019,48.583
780,6/11/2019,48.583
781,6/11/2019,48.36
782,6/11/2019,48.45
783,6/12/2019,48.45
784,6/12/2019,48.315
785,6/12/2019,48.137
786,6/12/2019,48.182
787,6/12/2019,48.094
788,6/12/2019,48.049
789,6/12/2019,48.094
790,6/12/2019,48.004
791,6/12/2019,47.914
792,6/12/2019,47.871
793,6/12/2019,47.826
794,6/12/2019,47.826
795,6/12/2019,47.826
796,6/12/2019,47.691
797,6/12/2019,47.736
798,6/12/2019,47.781
799,6/12/2019,47.736
800,6/12/2019,47.826
801,6/12/2019,47.736
802,6/12/2019,47.914
803,6/12/2019,48.094
804,6/12/2019,48.227
805,6/12/2019,48.315
806,6/12/2019,48.583
807,6/12/2019,48.717
808,6/12/2019,48.983
809,6/12/2019,49.161
810,6/12/2019,49.161
811,6/12/2019,49.604
812,6/12/2019,49.87
813,6/12/2019,49.825
814,6/12/2019,49.737
815,6/12/2019,49.604
816,6/12/2019,49.161
817,6/12/2019,48.583
818,6/12/2019,48.049
819,6/12/2019,48.182
820,6/12/2019,48.45
821,6/12/2019,48.583
822,6/12/2019,49.204
823,6/12/2019,49.825
824,6/12/2019,49.737
825,6/12/2019,50.092
826,6/12/2019,50.4
827,6/12/2019,50.223
828,6/12/2019,50.092
829,6/12/2019,50.18
830,6/12/2019,50.002
831,6/13/2019,50.047
832,6/13/2019,49.87
833,6/13/2019,49.825
834,6/13/2019,49.649
835,6/13/2019,49.428
836,6/13/2019,49.604
837,6/13/2019,49.561
838,6/13/2019,49.692
839,6/13/2019,49.516
840,6/13/2019,49.561
841,6/13/2019,49.428
842,6/13/2019,49.428
843,6/13/2019,49.604
844,6/13/2019,49.604
845,6/13/2019,49.604
846,6/13/2019,49.561
847,6/13/2019,49.604
848,6/13/2019,49.561
849,6/13/2019,49.604
850,6/13/2019,49.692
851,6/13/2019,49.604
852,6/13/2019,49.782
853,6/13/2019,49.825
854,6/13/2019,49.737
855,6/13/2019,49.737
856,6/13/2019,49.649
857,6/13/2019,49.825
858,6/13/2019,49.914
859,6/13/2019,49.914
860,6/13/2019,49.959
861,6/13/2019,50.047
862,6/13/2019,49.959
863,6/13/2019,49.87
864,6/13/2019,49.692
865,6/13/2019,49.87
866,6/13/2019,50.18
867,6/13/2019,50.311
868,6/13/2019,50.135
869,6/13/2019,50.135
870,6/13/2019,50.268
871,6/13/2019,50.268
872,6/13/2019,50.356
873,6/13/2019,50.356
874,6/13/2019,50.311
875,6/13/2019,50.4
876,6/13/2019,50.4
877,6/13/2019,50.356
878,6/13/2019,50.4
879,6/14/2019,50.4
880,6/14/2019,50.356
881,6/14/2019,50.445
882,6/14/2019,50.533
883,6/14/2019,50.621
884,6/14/2019,50.621
885,6/14/2019,50.664
886,6/14/2019,50.664
887,6/14/2019,50.576
888,6/14/2019,50.576
889,6/14/2019,50.488
890,6/14/2019,50.488
891,6/14/2019,50.488
892,6/14/2019,50.533
893,6/14/2019,50.4
894,6/14/2019,50.311
895,6/14/2019,50.311
896,6/14/2019,50.311
897,6/14/2019,50.445
898,6/14/2019,50.533
899,6/14/2019,50.576
900,6/14/2019,50.797
901,6/14/2019,50.664
902,6/14/2019,50.752
903,6/14/2019,50.797
904,6/14/2019,50.886
905,6/14/2019,50.974
906,6/14/2019,51.017
907,6/14/2019,51.062
908,6/14/2019,51.105
909,6/14/2019,51.193
910,6/14/2019,51.105
911,6/14/2019,51.017
912,6/14/2019,51.148
913,6/14/2019,51.37
914,6/14/2019,51.282
915,6/14/2019,51.37
916,6/14/2019,51.544
917,6/14/2019,51.501
918,6/14/2019,51.282
919,6/14/2019,51.237
920,6/14/2019,51.37
921,6/14/2019,51.193
922,6/14/2019,51.282
923,6/14/2019,51.237
924,6/14/2019,50.797
925,6/14/2019,51.105
926,6/14/2019,50.886
927,6/15/2019,50.797
928,6/15/2019,50.576
929,6/15/2019,50.576
930,6/15/2019,50.488
931,6/15/2019,50.4
932,6/15/2019,50.356
933,6/15/2019,50.311
934,6/15/2019,50.223
935,6/15/2019,50.002
936,6/15/2019,49.914
937,6/15/2019,49.959
938,6/15/2019,50.047
939,6/15/2019,49.87
940,6/15/2019,49.914
941,6/15/2019,49.914
942,6/15/2019,49.914
943,6/15/2019,49.825
944,6/15/2019,49.649
945,6/15/2019,49.604
946,6/15/2019,49.604
947,6/15/2019,49.604
948,6/15/2019,49.692
949,6/15/2019,49.561
950,6/15/2019,49.649
951,6/15/2019,49.649
952,6/15/2019,49.959
953,6/15/2019,49.959
954,6/15/2019,50.047
955,6/15/2019,50.18
956,6/15/2019,50.223
957,6/15/2019,50.18
958,6/15/2019,50.135
959,6/15/2019,50.047
960,6/15/2019,50.047
961,6/15/2019,49.87
962,6/15/2019,49.914
963,6/15/2019,49.782
964,6/15/2019,49.604
965,6/15/2019,49.604
966,6/15/2019,49.428
967,6/15/2019,49.161
968,6/15/2019,49.294
969,6/15/2019,49.161
970,6/15/2019,48.628
971,6/15/2019,48.805
972,6/15/2019,48.805
973,6/15/2019,48.895
974,6/15/2019,48.895
975,6/16/2019,48.717
976,6/16/2019,48.583
977,6/16/2019,48.628
978,6/16/2019,48.672
979,6/16/2019,48.583
980,6/16/2019,48.45
981,6/16/2019,48.36
982,6/16/2019,48.36
983,6/16/2019,48.272
984,6/16/2019,48.137
985,6/16/2019,48.182
986,6/16/2019,48.137
987,6/16/2019,48.049
988,6/16/2019,48.137
989,6/16/2019,48.094
990,6/16/2019,48.182
991,6/16/2019,48.137
992,6/16/2019,48.137
993,6/16/2019,48.094
994,6/16/2019,48.182
995,6/16/2019,48.272
996,6/16/2019,48.405
997,6/16/2019,48.538
998,6/16/2019,48.538
999,6/16/2019,48.717
1000,6/16/2019,48.717
1001,6/16/2019,48.762
1002,6/16/2019,48.805
1003,6/16/2019,48.805
1004,6/16/2019,48.85
1005,6/16/2019,48.983
1006,6/16/2019,48.983
1007,6/16/2019,48.895
1008,6/16/2019,48.938
1009,6/16/2019,48.983
1010,6/16/2019,48.805
1011,6/16/2019,48.805
1012,6/16/2019,48.762
1013,6/16/2019,48.672
1014,6/16/2019,48.628
1015,6/16/2019,48.538
1016,6/16/2019,48.628
1017,6/16/2019,48.672
1018,6/16/2019,48.717
1019,6/16/2019,48.628
1020,6/16/2019,48.583
1021,6/16/2019,48.628
1022,6/16/2019,48.762
1023,6/17/2019,48.628
1024,6/17/2019,48.538
1025,6/17/2019,48.493
1026,6/17/2019,48.36
1027,6/17/2019,48.272
1028,6/17/2019,48.137
1029,6/17/2019,48.049
1030,6/17/2019,48.004
1031,6/17/2019,47.914
1032,6/17/2019,47.826
1033,6/17/2019,47.781
1034,6/17/2019,47.826
1035,6/17/2019,47.736
1036,6/17/2019,47.914
1037,6/17/2019,47.914
1038,6/17/2019,48.094
1039,6/17/2019,48.094
1040,6/17/2019,48.094
1041,6/17/2019,47.959
1042,6/17/2019,48.137
1043,6/17/2019,48.094
1044,6/17/2019,48.137
1045,6/17/2019,48.094
1046,6/17/2019,47.959
1047,6/17/2019,48.227
1048,6/17/2019,48.227
1049,6/17/2019,48.137
1050,6/17/2019,48.272
1051,6/17/2019,48.493
1052,6/17/2019,48.583
1053,6/17/2019,50.752
1054,6/17/2019,54.648
1055,6/17/2019,48.538
1056,6/17/2019,48.583
1057,6/17/2019,48.538
1058,6/17/2019,48.538
1059,6/17/2019,48.493
1060,6/17/2019,48.538
1061,6/17/2019,48.493
1062,6/17/2019,48.45
1063,6/17/2019,48.405
1064,6/17/2019,48.45
1065,6/17/2019,48.405
1066,6/17/2019,48.315
1067,6/17/2019,48.272
1068,6/17/2019,48.272
1069,6/17/2019,48.137
1070,6/17/2019,48.094
1071,6/18/2019,48.094
1072,6/18/2019,47.914
1073,6/18/2019,47.826
1074,6/18/2019,47.736
1075,6/18/2019,47.691
1076,6/18/2019,47.602
1077,6/18/2019,47.467
1078,6/18/2019,47.422
1079,6/18/2019,47.467
1080,6/18/2019,47.467
1081,6/18/2019,47.422
1082,6/18/2019,47.467
1083,6/18/2019,47.512
1084,6/18/2019,47.557
1085,6/18/2019,47.557
1086,6/18/2019,47.736
1087,6/18/2019,47.736
1088,6/18/2019,47.691
1089,6/18/2019,47.781
1090,6/18/2019,47.826
1091,6/18/2019,47.959
1092,6/18/2019,48.094
1093,6/18/2019,48.272
1094,6/18/2019,48.538
1095,6/18/2019,48.583
1096,6/18/2019,48.805
1097,6/18/2019,48.938
1098,6/18/2019,48.895
1099,6/18/2019,49.073
1100,6/18/2019,49.073
1101,6/18/2019,49.204
1102,6/18/2019,49.428
1103,6/18/2019,49.383
1104,6/18/2019,49.428
1105,6/18/2019,49.561
1106,6/18/2019,49.649
1107,6/18/2019,49.649
1108,6/18/2019,49.428
1109,6/18/2019,49.161
1110,6/18/2019,49.294
1111,6/18/2019,49.204
1112,6/18/2019,49.116
1113,6/18/2019,49.161
1114,6/18/2019,48.895
1115,6/18/2019,48.805
1116,6/18/2019,48.762
1117,6/18/2019,48.717
1118,6/18/2019,48.538
1119,6/19/2019,48.538
1120,6/19/2019,48.405
1121,6/19/2019,48.227
1122,6/19/2019,48.094
1123,6/19/2019,48.049
1124,6/19/2019,47.959
1125,6/19/2019,47.871
1126,6/19/2019,47.781
1127,6/19/2019,47.647
1128,6/19/2019,47.557
1129,6/19/2019,47.512
1130,6/19/2019,47.422
1131,6/19/2019,47.377
1132,6/19/2019,47.334
1133,6/19/2019,47.289
1134,6/19/2019,47.334
1135,6/19/2019,47.467
1136,6/19/2019,47.512
1137,6/19/2019,47.467
1138,6/19/2019,47.602
1139,6/19/2019,47.691
1140,6/19/2019,47.871
1141,6/19/2019,48.094
1142,6/19/2019,48.36
1143,6/19/2019,48.717
1144,6/19/2019,49.028
1145,6/19/2019,49.338
1146,6/19/2019,49.604
1147,6/19/2019,49.782
1148,6/19/2019,49.782
1149,6/19/2019,50.002
1150,6/19/2019,50.002
1151,6/19/2019,50.135
1152,6/19/2019,50.4
1153,6/19/2019,50.268
1154,6/19/2019,50.488
1155,6/19/2019,50.621
1156,6/19/2019,50.797
1157,6/19/2019,50.797
1158,6/19/2019,50.664
1159,6/19/2019,50.841
1160,6/19/2019,50.886
1161,6/19/2019,50.841
1162,6/19/2019,50.797
1163,6/19/2019,50.664
1164,6/19/2019,50.445
1165,6/19/2019,50.223
1166,6/19/2019,50.135
1167,6/20/2019,49.914
1168,6/20/2019,49.782
1169,6/20/2019,49.692
1170,6/20/2019,49.516
1171,6/20/2019,49.692
1172,6/20/2019,49.604
1173,6/20/2019,49.649
1174,6/20/2019,49.338
1175,6/20/2019,49.692
1176,6/20/2019,49.471
1177,6/20/2019,49.428
1178,6/20/2019,49.516
1179,6/20/2019,49.604
1180,6/20/2019,49.959
1181,6/20/2019,49.959
1182,6/20/2019,49.87
1183,6/20/2019,49.825
1184,6/20/2019,49.782
1185,6/20/2019,49.959
1186,6/20/2019,50.002
1187,6/20/2019,49.959
1188,6/20/2019,50.047
1189,6/20/2019,49.87
1190,6/20/2019,50.047
1191,6/20/2019,50.18
1192,6/20/2019,50.268
1193,6/20/2019,50.311
1194,6/20/2019,50.621
1195,6/20/2019,50.797
1196,6/20/2019,50.752
1197,6/20/2019,50.664
1198,6/20/2019,50.576
1199,6/20/2019,50.752
1200,6/20/2019,50.664
1201,6/20/2019,50.664
1202,6/20/2019,50.797
1203,6/20/2019,50.752
1204,6/20/2019,50.664
1205,6/20/2019,50.797
1206,6/20/2019,50.752
1207,6/20/2019,50.311
1208,6/20/2019,50.268
1209,6/20/2019,50.4
1210,6/20/2019,50.268
1211,6/20/2019,50.047
1212,6/20/2019,50.223
1213,6/20/2019,49.959
1214,6/20/2019,50.135
1215,6/21/2019,50.18
1216,6/21/2019,50.135
1217,6/21/2019,49.959
1218,6/21/2019,49.782
1219,6/21/2019,50.092
1220,6/21/2019,49.737
1221,6/21/2019,49.604
1222,6/21/2019,49.516
1223,6/21/2019,49.561
1224,6/21/2019,49.561
1225,6/21/2019,49.516
1226,6/21/2019,49.516
1227,6/21/2019,49.383
1228,6/21/2019,49.338
1229,6/21/2019,49.294
1230,6/21/2019,49.249
1231,6/21/2019,49.383
1232,6/21/2019,49.338
1233,6/21/2019,49.692
1234,6/21/2019,49.782
1235,6/21/2019,50.092
1236,6/21/2019,50.445
1237,6/21/2019,50.709
1238,6/21/2019,51.105
1239,6/21/2019,51.589
1240,6/21/2019,51.984
1241,6/21/2019,52.509
1242,6/21/2019,53.078
1243,6/21/2019,53.253
1244,6/21/2019,53.82
1245,6/21/2019,54.255
1246,6/21/2019,53.341
1247,6/21/2019,52.992
1248,6/21/2019,52.423
1249,6/21/2019,51.94
1250,6/21/2019,52.423
1251,6/21/2019,52.686
1252,6/21/2019,52.992
1253,6/21/2019,53.035
1254,6/21/2019,52.992
1255,6/21/2019,53.166
1256,6/21/2019,53.209
1257,6/21/2019,53.121
1258,6/21/2019,53.078
1259,6/21/2019,52.947
1260,6/21/2019,52.686
1261,6/21/2019,52.378
1262,6/21/2019,52.203
1263,6/22/2019,52.029
1264,6/22/2019,51.94
1265,6/22/2019,51.809
1266,6/22/2019,51.678
1267,6/22/2019,51.413
1268,6/22/2019,51.237
1269,6/22/2019,51.37
1270,6/22/2019,51.193
1271,6/22/2019,51.282
1272,6/22/2019,51.193
1273,6/22/2019,51.148
1274,6/22/2019,51.062
1275,6/22/2019,51.105
1276,6/22/2019,51.062
1277,6/22/2019,50.929
1278,6/22/2019,51.017
1279,6/22/2019,51.105
1280,6/22/2019,51.105
1281,6/22/2019,51.282
1282,6/22/2019,51.148
1283,6/22/2019,51.105
1284,6/22/2019,51.37
1285,6/22/2019,51.501
1286,6/22/2019,51.501
1287,6/22/2019,51.721
1288,6/22/2019,51.764
1289,6/22/2019,51.94
1290,6/22/2019,51.895
1291,6/22/2019,51.895
1292,6/22/2019,51.984
1293,6/22/2019,52.115
1294,6/22/2019,52.16
1295,6/22/2019,52.203
1296,6/22/2019,52.115
1297,6/22/2019,51.984
1298,6/22/2019,51.809
1299,6/22/2019,51.678
1300,6/22/2019,51.809
1301,6/22/2019,51.721
1302,6/22/2019,51.721
1303,6/22/2019,51.501
1304,6/22/2019,51.37
1305,6/22/2019,51.37
1306,6/22/2019,51.325
1307,6/22/2019,51.193
1308,6/22/2019,50.929
1309,6/22/2019,50.886
1310,6/22/2019,50.709
1311,6/23/2019,50.533
1312,6/23/2019,50.445
1313,6/23/2019,50.4
1314,6/23/2019,50.311
1315,6/23/2019,50.268
1316,6/23/2019,50.223
1317,6/23/2019,50.092
1318,6/23/2019,50.002
1319,6/23/2019,50.092
1320,6/23/2019,50.047
1321,6/23/2019,49.782
1322,6/23/2019,49.737
1323,6/23/2019,49.825
1324,6/23/2019,50.047
1325,6/23/2019,49.825
1326,6/23/2019,49.825
1327,6/23/2019,49.87
1328,6/23/2019,49.782
1329,6/23/2019,49.825
1330,6/23/2019,49.87
1331,6/23/2019,49.914
1332,6/23/2019,49.737
1333,6/23/2019,50.135
1334,6/23/2019,50.268
1335,6/23/2019,50.4
1336,6/23/2019,50.621
1337,6/23/2019,50.709
1338,6/23/2019,50.929
1339,6/23/2019,51.148
1340,6/23/2019,51.193
1341,6/23/2019,51.148
1342,6/23/2019,51.458
1343,6/23/2019,51.413
1344,6/23/2019,51.678
1345,6/23/2019,51.721
1346,6/23/2019,51.764
1347,6/23/2019,51.633
1348,6/23/2019,51.544
1349,6/23/2019,51.501
1350,6/23/2019,51.458
1351,6/23/2019,51.282
1352,6/23/2019,51.062
1353,6/23/2019,50.929
1354,6/23/2019,50.841
1355,6/23/2019,50.752
1356,6/23/2019,50.797
1357,6/23/2019,50.841
1358,6/23/2019,50.752
1359,6/24/2019,50.268
1360,6/24/2019,50.135
1361,6/24/2019,50.047
1362,6/24/2019,50.002
1363,6/24/2019,50.223
1364,6/24/2019,50.445
1365,6/24/2019,50.311
1366,6/24/2019,50.223
1367,6/24/2019,50.135
1368,6/24/2019,50.047
1369,6/24/2019,50.047
1370,6/24/2019,49.959
1371,6/24/2019,50.047
1372,6/24/2019,50.047
1373,6/24/2019,50.092
1374,6/24/2019,50.002
1375,6/24/2019,49.914
1376,6/24/2019,49.825
1377,6/24/2019,49.604
1378,6/24/2019,49.692
1379,6/24/2019,49.914
1380,6/24/2019,50.047
1381,6/24/2019,50.268
1382,6/24/2019,50.576
1383,6/24/2019,50.752
1384,6/24/2019,50.929
1385,6/24/2019,51.105
1386,6/24/2019,51.148
1387,6/24/2019,51.062
1388,6/24/2019,51.017
1389,6/24/2019,51.105
1390,6/24/2019,51.37
1391,6/24/2019,51.633
1392,6/24/2019,51.764
1393,6/24/2019,51.721
1394,6/24/2019,51.721
1395,6/24/2019,51.809
1396,6/24/2019,51.678
1397,6/24/2019,51.544
1398,6/24/2019,51.458
1399,6/24/2019,51.458
1400,6/24/2019,51.589
1401,6/24/2019,51.544
1402,6/24/2019,51.458
1403,6/24/2019,51.148
1404,6/24/2019,51.148
1405,6/24/2019,51.237
1406,6/24/2019,51.062
1407,6/25/2019,50.709
1408,6/25/2019,50.533
1409,6/25/2019,50.311
1410,6/25/2019,50.002
1411,6/25/2019,49.959
1412,6/25/2019,50.135
1413,6/25/2019,49.782
1414,6/25/2019,49.692
1415,6/25/2019,49.692
1416,6/25/2019,49.87
1417,6/25/2019,49.914
1418,6/25/2019,50.135
1419,6/25/2019,50.4
1420,6/25/2019,50.488
1421,6/25/2019,50.576
1422,6/25/2019,50.533
1423,6/25/2019,50.533
1424,6/25/2019,50.533
1425,6/25/2019,50.445
1426,6/25/2019,50.4
1427,6/25/2019,50.311
1428,6/25/2019,50.311
1429,6/25/2019,50.356
1430,6/25/2019,50.4
1431,6/25/2019,50.4
1432,6/25/2019,50.621
1433,6/25/2019,50.841
1434,6/25/2019,51.105
1435,6/25/2019,51.105
1436,6/25/2019,51.017
1437,6/25/2019,51.148
1438,6/25/2019,51.37
1439,6/25/2019,51.458
1440,6/25/2019,51.544
1441,6/25/2019,51.633
1442,6/25/2019,51.678
1443,6/25/2019,51.633
1444,6/25/2019,51.764
1445,6/25/2019,51.678
1446,6/25/2019,51.678
1447,6/25/2019,51.721
1448,6/25/2019,51.678
1449,6/25/2019,51.633
1450,6/25/2019,51.721
1451,6/25/2019,51.721
1452,6/25/2019,51.94
1453,6/25/2019,51.94
1454,6/25/2019,51.721
1455,6/26/2019,51.501
1456,6/26/2019,51.37
1457,6/26/2019,51.237
1458,6/26/2019,50.974
1459,6/26/2019,50.664
1460,6/26/2019,50.621
1461,6/26/2019,50.752
1462,6/26/2019,50.886
1463,6/26/2019,50.752
1464,6/26/2019,50.841
1465,6/26/2019,50.752
1466,6/26/2019,50.533
1467,6/26/2019,50.4
1468,6/26/2019,50.18
1469,6/26/2019,50.223
1470,6/26/2019,49.914
1471,6/26/2019,50.047
1472,6/26/2019,50.18
1473,6/26/2019,50.4
1474,6/26/2019,50.664
1475,6/26/2019,50.841
1476,6/26/2019,51.062
1477,6/26/2019,51.413
1478,6/26/2019,51.764
1479,6/26/2019,51.984
1480,6/26/2019,52.203
1481,6/26/2019,52.509
1482,6/26/2019,52.817
1483,6/26/2019,53.078
1484,6/26/2019,53.298
1485,6/26/2019,53.865
1486,6/26/2019,54.691
1487,6/26/2019,54.516
1488,6/26/2019,54.909
1489,6/26/2019,54.952
1490,6/26/2019,55.125
1491,6/26/2019,55.213
1492,6/26/2019,55.125
1493,6/26/2019,55.081
1494,6/26/2019,54.952
1495,6/26/2019,54.909
1496,6/26/2019,54.952
1497,6/26/2019,54.82
1498,6/26/2019,54.691
1499,6/26/2019,54.561
1500,6/26/2019,54.255
1501,6/26/2019,53.908
1502,6/26/2019,53.645
1503,6/27/2019,53.427
1504,6/27/2019,53.298
1505,6/27/2019,53.209
1506,6/27/2019,53.166
1507,6/27/2019,53.035
1508,6/27/2019,52.903
1509,6/27/2019,52.729
1510,6/27/2019,52.597
1511,6/27/2019,52.509
1512,6/27/2019,52.378
1513,6/27/2019,52.246
1514,6/27/2019,52.16
1515,6/27/2019,52.16
1516,6/27/2019,52.246
1517,6/27/2019,52.335
1518,6/27/2019,52.291
1519,6/27/2019,52.246
1520,6/27/2019,52.246
1521,6/27/2019,52.203
1522,6/27/2019,52.246
1523,6/27/2019,52.291
1524,6/27/2019,52.423
1525,6/27/2019,52.641
1526,6/27/2019,52.817
1527,6/27/2019,53.078
1528,6/27/2019,53.298
1529,6/27/2019,53.515
1530,6/27/2019,53.69
1531,6/27/2019,53.908
1532,6/27/2019,54.3
1533,6/27/2019,54.604
1534,6/27/2019,54.865
1535,6/27/2019,55.125
1536,6/27/2019,55.342
1537,6/27/2019,55.602
1538,6/27/2019,56.079
1539,6/27/2019,56.208
1540,6/27/2019,56.34
1541,6/27/2019,56.383
1542,6/27/2019,56.34
1543,6/27/2019,56.34
1544,6/27/2019,56.165
1545,6/27/2019,56.079
1546,6/27/2019,55.733
1547,6/27/2019,55.515
1548,6/27/2019,55.299
1549,6/27/2019,55.125
1550,6/27/2019,54.952
1551,6/28/2019,54.648
1552,6/28/2019,54.169
1553,6/28/2019,53.82
1554,6/28/2019,53.427
1555,6/28/2019,53.166
1556,6/28/2019,52.86
1557,6/28/2019,52.641
1558,6/28/2019,52.509
1559,6/28/2019,52.335
1560,6/28/2019,51.94
1561,6/28/2019,51.721
1562,6/28/2019,51.458
1563,6/28/2019,51.282
1564,6/28/2019,51.105
1565,6/28/2019,51.017
1566,6/28/2019,50.929
1567,6/28/2019,50.886
1568,6/28/2019,50.929
1569,6/28/2019,50.974
1570,6/28/2019,51.105
1571,6/28/2019,51.193
1572,6/28/2019,51.37
1573,6/28/2019,51.544
1574,6/28/2019,51.721
1575,6/28/2019,51.984
1576,6/28/2019,52.335
1577,6/28/2019,52.686
1578,6/28/2019,53.078
1579,6/28/2019,53.427
1580,6/28/2019,53.645
1581,6/28/2019,54.082
1582,6/28/2019,54.343
1583,6/28/2019,54.648
1584,6/28/2019,55.125
1585,6/28/2019,55.429
1586,6/28/2019,55.602
1587,6/28/2019,55.819
1588,6/28/2019,56.079
1589,6/28/2019,56.122
1590,6/28/2019,56.165
1591,6/28/2019,56.165
1592,6/28/2019,56.079
1593,6/28/2019,55.992
1594,6/28/2019,55.733
1595,6/28/2019,55.386
1596,6/28/2019,55.125
1597,6/28/2019,54.865
1598,6/28/2019,54.43
1599,6/29/2019,54.037
1600,6/29/2019,53.645
1601,6/29/2019,53.253
1602,6/29/2019,52.817
1603,6/29/2019,52.466
1604,6/29/2019,52.16
1605,6/29/2019,51.809
1606,6/29/2019,51.458
1607,6/29/2019,51.062
1608,6/29/2019,50.797
1609,6/29/2019,50.533
1610,6/29/2019,50.356
1611,6/29/2019,50.047
1612,6/29/2019,49.87
1613,6/29/2019,49.782
1614,6/29/2019,49.692
1615,6/29/2019,49.649
1616,6/29/2019,49.649
1617,6/29/2019,49.737
1618,6/29/2019,49.87
1619,6/29/2019,50.002
1620,6/29/2019,50.18
1621,6/29/2019,50.4
1622,6/29/2019,50.621
1623,6/29/2019,50.886
1624,6/29/2019,51.148
1625,6/29/2019,51.633
1626,6/29/2019,52.203
1627,6/29/2019,52.772
1628,6/29/2019,53.209
1629,6/29/2019,53.733
1630,6/29/2019,54.3
1631,6/29/2019,54.648
1632,6/29/2019,55.038
1633,6/29/2019,55.168
1634,6/29/2019,55.168
1635,6/29/2019,55.256
1636,6/29/2019,55.342
1637,6/29/2019,55.342
1638,6/29/2019,55.299
1639,6/29/2019,55.213
1640,6/29/2019,54.995
1641,6/29/2019,54.952
1642,6/29/2019,54.777
1643,6/29/2019,54.691
1644,6/29/2019,54.387
1645,6/29/2019,53.994
1646,6/29/2019,53.733
1647,6/30/2019,53.472
1648,6/30/2019,53.121
1649,6/30/2019,52.729
1650,6/30/2019,52.423
1651,6/30/2019,52.16
1652,6/30/2019,51.852
1653,6/30/2019,51.589
1654,6/30/2019,51.413
1655,6/30/2019,51.193
1656,6/30/2019,50.929
1657,6/30/2019,50.797
1658,6/30/2019,50.621
1659,6/30/2019,50.533
1660,6/30/2019,50.4
1661,6/30/2019,50.356
1662,6/30/2019,50.356
1663,6/30/2019,50.4
1664,6/30/2019,50.4
1665,6/30/2019,50.488
1666,6/30/2019,50.752
1667,6/30/2019,50.797
1668,6/30/2019,51.017
1669,6/30/2019,50.974
1670,6/30/2019,51.237
1671,6/30/2019,51.544
1672,6/30/2019,51.809
1673,6/30/2019,51.809
1674,6/30/2019,52.16
1675,6/30/2019,52.466
1676,6/30/2019,52.772
1677,6/30/2019,53.035
1678,6/30/2019,53.253
1679,6/30/2019,53.472
1680,6/30/2019,53.645
1681,6/30/2019,53.82
1682,6/30/2019,53.994
1683,6/30/2019,54.126
1684,6/30/2019,54.3
1685,6/30/2019,54.3
1686,6/30/2019,54.387
1687,6/30/2019,54.3
1688,6/30/2019,54.169
1689,6/30/2019,54.037
1690,6/30/2019,53.82
1691,6/30/2019,53.559
1692,6/30/2019,53.341
1693,6/30/2019,53.209
1694,6/30/2019,52.992
1695,7/1/2019,52.817
1696,7/1/2019,52.641
1697,7/1/2019,52.423
1698,7/1/2019,52.246
1699,7/1/2019,52.072
1700,7/1/2019,52.029
1701,7/1/2019,51.852
1702,7/1/2019,51.721
1703,7/1/2019,51.589
1704,7/1/2019,51.413
1705,7/1/2019,51.325
1706,7/1/2019,51.193
1707,7/1/2019,51.062
1708,7/1/2019,51.062
1709,7/1/2019,51.282
1710,7/1/2019,51.237
1711,7/1/2019,51.193
1712,7/1/2019,51.325
1713,7/1/2019,51.413
1714,7/1/2019,51.633
1715,7/1/2019,51.678
1716,7/1/2019,51.633
1717,7/1/2019,51.633
1718,7/1/2019,52.072
1719,7/1/2019,52.246
1720,7/1/2019,52.466
1721,7/1/2019,52.554
1722,7/1/2019,52.772
1723,7/1/2019,53.121
1724,7/1/2019,53.121
1725,7/1/2019,53.253
1726,7/1/2019,53.298
1727,7/1/2019,53.559
1728,7/1/2019,53.776
1729,7/1/2019,53.865
1730,7/1/2019,53.908
1731,7/1/2019,53.951
1732,7/1/2019,54.082
1733,7/1/2019,54.082
1734,7/1/2019,54.082
1735,7/1/2019,53.994
1736,7/1/2019,53.82
1737,7/1/2019,53.602
1738,7/1/2019,53.384
1739,7/1/2019,53.209
1740,7/1/2019,53.078
1741,7/1/2019,52.947
1742,7/1/2019,52.817
1743,7/2/2019,52.729
1744,7/2/2019,52.641
1745,7/2/2019,52.597
1746,7/2/2019,52.509
1747,7/2/2019,52.423
1748,7/2/2019,52.423
1749,7/2/2019,52.335
1750,7/2/2019,52.291
1751,7/2/2019,52.246
1752,7/2/2019,52.246
1753,7/2/2019,52.203
1754,7/2/2019,52.203
1755,7/2/2019,52.16
1756,7/2/2019,52.16
1757,7/2/2019,52.16
1758,7/2/2019,52.16
1759,7/2/2019,52.16
1760,7/2/2019,52.203
1761,7/2/2019,52.203
1762,7/2/2019,52.203
1763,7/2/2019,52.203
1764,7/2/2019,52.246
1765,7/2/2019,52.335
1766,7/2/2019,52.378
1767,7/2/2019,52.335
1768,7/2/2019,52.423
1769,7/2/2019,52.423
1770,7/2/2019,52.509
1771,7/2/2019,52.597
1772,7/2/2019,52.686
1773,7/2/2019,52.772
1774,7/2/2019,52.729
1775,7/2/2019,52.772
1776,7/2/2019,52.903
1777,7/2/2019,52.903
1778,7/2/2019,57.506
1779,7/2/2019,58.109
1780,7/2/2019,56.556
1781,7/2/2019,55.906
1782,7/2/2019,56.426
1783,7/2/2019,56.251
1784,7/2/2019,55.386
1785,7/2/2019,54.037
1786,7/2/2019,53.209
1787,7/2/2019,52.466
1788,7/2/2019,52.072
1789,7/2/2019,51.633
1790,7/2/2019,51.501
1791,7/3/2019,51.458
1792,7/3/2019,51.193
1793,7/3/2019,51.017
1794,7/3/2019,49.825
1795,7/3/2019,48.672
1796,7/3/2019,48.094
1797,7/3/2019,47.154
1798,7/3/2019,46.256
1799,7/3/2019,46.031
1800,7/3/2019,45.579
1801,7/3/2019,45.761
1802,7/3/2019,46.121
1803,7/3/2019,47.019
1804,7/3/2019,48.36
1805,7/3/2019,49.116
1806,7/3/2019,50.752
1807,7/3/2019,62.447
1808,7/3/2019,56.251
1809,7/3/2019,55.558
1810,7/3/2019,56.728
1811,7/3/2019,56.858
1812,7/3/2019,58.928
1813,7/3/2019,59.315
1814,7/3/2019,58.928
1815,7/3/2019,58.066
1816,7/3/2019,57.722
1817,7/3/2019,60.818
1818,7/3/2019,62.191
1819,7/3/2019,62.319
1820,7/3/2019,61.419
1821,7/3/2019,61.075
1822,7/3/2019,60.904
1823,7/3/2019,60.346
1824,7/3/2019,59.83
1825,7/3/2019,59.616
1826,7/3/2019,59.959
1827,7/3/2019,58.582
1828,7/3/2019,58.411
1829,7/3/2019,57.463
1830,7/3/2019,58.411
1831,7/3/2019,57.376
1832,7/3/2019,55.863
1833,7/3/2019,53.994
1834,7/3/2019,53.209
1835,7/3/2019,53.078
1836,7/3/2019,51.809
1837,7/3/2019,50.752
1838,7/3/2019,50.664
1839,7/4/2019,50.047
1840,7/4/2019,49.692
1841,7/4/2019,50.135
1842,7/4/2019,50.18
1843,7/4/2019,50.047
1844,7/4/2019,49.561
1845,7/4/2019,49.692
1846,7/4/2019,49.825
1847,7/4/2019,49.338
1848,7/4/2019,47.826
1849,7/4/2019,47.199
1850,7/4/2019,46.974
1851,7/4/2019,47.467
1852,7/4/2019,48.137
1853,7/4/2019,49.561
1854,7/4/2019,51.193
1855,7/4/2019,63.304
1856,7/4/2019,55.647
1857,7/4/2019,55.863
1858,7/4/2019,55.558
1859,7/4/2019,56.469
1860,7/4/2019,59.873
1861,7/4/2019,60.818
1862,7/4/2019,60.561
1863,7/4/2019,59.788
1864,7/4/2019,61.29
1865,7/4/2019,59.788
1866,7/4/2019,60.433
1867,7/4/2019,61.075
1868,7/4/2019,61.891
1869,7/4/2019,61.248
1870,7/4/2019,61.248
1871,7/4/2019,61.075
1872,7/4/2019,60.132
1873,7/4/2019,59.445
1874,7/4/2019,59.788
1875,7/4/2019,59.616
1876,7/4/2019,58.885
1877,7/4/2019,58.928
1878,7/4/2019,57.979
1879,7/4/2019,56.944
1880,7/4/2019,55.992
1881,7/4/2019,53.298
1882,7/4/2019,51.984
1883,7/4/2019,51.413
1884,7/4/2019,51.017
1885,7/4/2019,50.4
1886,7/4/2019,49.782
1887,7/5/2019,48.85
1888,7/5/2019,48.137
1889,7/5/2019,47.736
1890,7/5/2019,47.334
1891,7/5/2019,47.109
1892,7/5/2019,46.301
1893,7/5/2019,45.941
1894,7/5/2019,46.121
1895,7/5/2019,45.714
1896,7/5/2019,45.444
1897,7/5/2019,45.986
1898,7/5/2019,46.661
1899,7/5/2019,47.467
1900,7/5/2019,48.938
1901,7/5/2019,50.356
1902,7/5/2019,51.94
1903,7/5/2019,61.934
1904,7/5/2019,57.807
1905,7/5/2019,56.944
1906,7/5/2019,58.755
1907,7/5/2019,58.669
1908,7/5/2019,61.419
1909,7/5/2019,62.233
1910,7/5/2019,63.518
1911,7/5/2019,64.845
1912,7/5/2019,64.459
1913,7/5/2019,63.903
1914,7/5/2019,64.033
1915,7/5/2019,64.375
1916,7/5/2019,62.406
1917,7/5/2019,63.347
1918,7/5/2019,62.49
1919,7/5/2019,62.748
1920,7/5/2019,61.462
1921,7/5/2019,62.919
1922,7/5/2019,61.162
1923,7/5/2019,60.046
1924,7/5/2019,59.358
1925,7/5/2019,59.014
1926,7/5/2019,59.659
1927,7/5/2019,59.616
1928,7/5/2019,58.455
1929,7/5/2019,56.772
1930,7/5/2019,54.212
1931,7/5/2019,53.035
1932,7/5/2019,51.764
1933,7/5/2019,51.062
1934,7/5/2019,50.709
1935,7/6/2019,49.914
1936,7/6/2019,49.161
1937,7/6/2019,49.028
1938,7/6/2019,48.405
1939,7/6/2019,47.602
1940,7/6/2019,47.647
1941,7/6/2019,47.422
1942,7/6/2019,46.661
1943,7/6/2019,46.706
1944,7/6/2019,46.031
1945,7/6/2019,46.076
1946,7/6/2019,46.481
1947,7/6/2019,46.841
1948,7/6/2019,48.227
1949,7/6/2019,50.135
1950,7/6/2019,52.072
1951,7/6/2019,63.262
1952,7/6/2019,57.333
1953,7/6/2019,56.858
1954,7/6/2019,59.229
1955,7/6/2019,59.401
1956,7/6/2019,61.891
1957,7/6/2019,62.148
1958,7/6/2019,62.62
1959,7/6/2019,61.248
1960,7/6/2019,61.119
1961,7/6/2019,61.419
1962,7/6/2019,61.977
1963,7/6/2019,61.72
1964,7/6/2019,63.819
1965,7/6/2019,63.433
1966,7/6/2019,62.704
1967,7/6/2019,62.191
1968,7/6/2019,62.062
1969,7/6/2019,60.517
1970,7/6/2019,60.003
1971,7/6/2019,59.445
1972,7/6/2019,59.745
1973,7/6/2019,59.445
1974,7/6/2019,58.971
1975,7/6/2019,57.979
1976,7/6/2019,56.079
1977,7/6/2019,54.995
1978,7/6/2019,54.387
1979,7/6/2019,53.865
1980,7/6/2019,53.559
1981,7/6/2019,52.16
1982,7/6/2019,51.852
1983,7/7/2019,51.721
1984,7/7/2019,51.105
1985,7/7/2019,49.87
1986,7/7/2019,48.805
1987,7/7/2019,48.583
1988,7/7/2019,46.931
1989,7/7/2019,46.211
1990,7/7/2019,46.031
1991,7/7/2019,45.262
1992,7/7/2019,45.172
1993,7/7/2019,44.901
1994,7/7/2019,44.946
1995,7/7/2019,45.624
1996,7/7/2019,46.346
1997,7/7/2019,47.334
1998,7/7/2019,49.204
1999,7/7/2019,55.558
2000,7/7/2019,55.038
2001,7/7/2019,56.599
2002,7/7/2019,59.315
2003,7/7/2019,60.647
2004,7/7/2019,61.462
2005,7/7/2019,60.647
2006,7/7/2019,59.486
2007,7/7/2019,60.733
2008,7/7/2019,61.032
2009,7/7/2019,62.791
2010,7/7/2019,63.048
2011,7/7/2019,62.447
2012,7/7/2019,63.262
2013,7/7/2019,61.162
2014,7/7/2019,60.647
2015,7/7/2019,60.561
2016,7/7/2019,58.541
2017,7/7/2019,60.604
2018,7/7/2019,58.325
2019,7/7/2019,58.541
2020,7/7/2019,58.626
2021,7/7/2019,59.099
2022,7/7/2019,58.755
2023,7/7/2019,57.506
2024,7/7/2019,56.815
2025,7/7/2019,56.079
2026,7/7/2019,55.213
2027,7/7/2019,52.772
2028,7/7/2019,52.992
2029,7/7/2019,51.282
2030,7/7/2019,50.4
2031,7/8/2019,50.311
2032,7/8/2019,49.249
2033,7/8/2019,48.36
2034,7/8/2019,47.914
2035,7/8/2019,47.154
2036,7/8/2019,46.346
2037,7/8/2019,46.301
2038,7/8/2019,45.444
2039,7/8/2019,45.489
2040,7/8/2019,45.217
2041,7/8/2019,45.217
2042,7/8/2019,46.346
2043,7/8/2019,46.481
2044,7/8/2019,47.289
2045,7/8/2019,48.36
2046,7/8/2019,50.311
2047,7/8/2019,57.16
2048,7/8/2019,55.168
2049,7/8/2019,56.295
2050,7/8/2019,58.755
2051,7/8/2019,58.755
2052,7/8/2019,58.498
2053,7/8/2019,59.014
2054,7/8/2019,59.099
2055,7/8/2019,60.003
2056,7/8/2019,61.29
2057,7/8/2019,60.948
2058,7/8/2019,61.547
2059,7/8/2019,60.647
2060,7/8/2019,60.217
2061,7/8/2019,58.669
2062,7/8/2019,60.132
2063,7/8/2019,58.971
2064,7/8/2019,57.549
2065,7/8/2019,58.325
2066,7/8/2019,59.529
2067,7/8/2019,60.474
2068,7/8/2019,58.282
2069,7/8/2019,59.272
2070,7/8/2019,58.325
2071,7/8/2019,57.722
2072,7/8/2019,54.777
2073,7/8/2019,53.166
2074,7/8/2019,52.072
2075,7/8/2019,51.282
2076,7/8/2019,50.797
2077,7/8/2019,49.692
2078,7/8/2019,49.249
2079,7/9/2019,49.383
2080,7/9/2019,48.805
2081,7/9/2019,48.182
2082,7/9/2019,47.467
2083,7/9/2019,46.974
2084,7/9/2019,47.781
2085,7/9/2019,48.85
2086,7/9/2019,48.85
2087,7/9/2019,48.717
2088,7/9/2019,48.805
2089,7/9/2019,48.538
2090,7/9/2019,48.538
2091,7/9/2019,48.538
2092,7/9/2019,48.672
2093,7/9/2019,49.249
2094,7/9/2019,49.782
2095,7/9/2019,50.576
2096,7/9/2019,49.959
2097,7/9/2019,50.356
2098,7/9/2019,51.148
2099,7/9/2019,51.501
2100,7/9/2019,52.554
2101,7/9/2019,53.341
2102,7/9/2019,54.343
2103,7/9/2019,55.949
2104,7/9/2019,56.815
2105,7/9/2019,57.85
2106,7/9/2019,58.239
2107,7/9/2019,57.85
2108,7/9/2019,57.031
2109,7/9/2019,58.066
2110,7/9/2019,57.16
2111,7/9/2019,57.549
2112,7/9/2019,57.979
2113,7/9/2019,57.333
2114,7/9/2019,57.636
2115,7/9/2019,56.815
2116,7/9/2019,55.819
2117,7/9/2019,55.515
2118,7/9/2019,55.386
2119,7/9/2019,53.733
2120,7/9/2019,52.729
2121,7/9/2019,52.423
2122,7/9/2019,52.029
2123,7/9/2019,51.193
2124,7/9/2019,51.193
2125,7/9/2019,51.458
2126,7/9/2019,50.752
2127,7/10/2019,50.223
2128,7/10/2019,50.709
2129,7/10/2019,49.914
2130,7/10/2019,49.782
2131,7/10/2019,49.692
2132,7/10/2019,49.161
2133,7/10/2019,48.672
2134,7/10/2019,48.227
2135,7/10/2019,48.272
2136,7/10/2019,48.004
2137,7/10/2019,47.959
2138,7/10/2019,48.094
2139,7/10/2019,48.315
2140,7/10/2019,48.538
2141,7/10/2019,48.938
2142,7/10/2019,49.161
2143,7/10/2019,49.428
2144,7/10/2019,49.561
2145,7/10/2019,50.135
2146,7/10/2019,51.062
2147,7/10/2019,52.246
2148,7/10/2019,52.246
2149,7/10/2019,54.343
2150,7/10/2019,55.125
2151,7/10/2019,56.642
2152,7/10/2019,58.411
2153,7/10/2019,59.185
2154,7/10/2019,60.303
2155,7/10/2019,60.991
2156,7/10/2019,59.358
2157,7/10/2019,59.056
2158,7/10/2019,59.486
2159,7/10/2019,58.368
2160,7/10/2019,58.023
2161,7/10/2019,56.34
2162,7/10/2019,54.952
2163,7/10/2019,54.865
2164,7/10/2019,53.69
2165,7/10/2019,53.166
2166,7/10/2019,52.817
2167,7/10/2019,52.597
2168,7/10/2019,52.291
2169,7/10/2019,52.246
2170,7/10/2019,51.809
2171,7/10/2019,50.621
2172,7/10/2019,51.062
2173,7/10/2019,51.282
2174,7/10/2019,51.237
2175,7/11/2019,49.914
2176,7/11/2019,49.782
2177,7/11/2019,49.561
2178,7/11/2019,49.338
2179,7/11/2019,48.85
2180,7/11/2019,49.161
2181,7/11/2019,49.073
2182,7/11/2019,48.895
2183,7/11/2019,48.628
2184,7/11/2019,48.493
2185,7/11/2019,48.493
2186,7/11/2019,48.628
2187,7/11/2019,48.137
2188,7/11/2019,47.959
2189,7/11/2019,48.182
2190,7/11/2019,48.094
2191,7/11/2019,48.272
2192,7/11/2019,48.36
2193,7/11/2019,48.137
2194,7/11/2019,48.094
2195,7/11/2019,48.227
2196,7/11/2019,48.45
2197,7/11/2019,48.493
2198,7/11/2019,48.983
2199,7/11/2019,49.116
2200,7/11/2019,49.516
2201,7/11/2019,50.4
2202,7/11/2019,51.148
2203,7/11/2019,51.852
2204,7/11/2019,52.86
2205,7/11/2019,53.951
2206,7/11/2019,52.817
2207,7/11/2019,52.509
2208,7/11/2019,51.105
2209,7/11/2019,50.268
2210,7/11/2019,50.223
2211,7/11/2019,50.533
2212,7/11/2019,51.193
2213,7/11/2019,51.148
2214,7/11/2019,51.413
2215,7/11/2019,50.752
2216,7/11/2019,50.929
2217,7/11/2019,50.4
2218,7/11/2019,49.428
2219,7/11/2019,49.428
2220,7/11/2019,49.116
2221,7/11/2019,48.538
2222,7/11/2019,48.762
2223,7/12/2019,48.182
2224,7/12/2019,48.36
2225,7/12/2019,48.315
2226,7/12/2019,48.227
2227,7/12/2019,48.137
2228,7/12/2019,47.914
2229,7/12/2019,48.004
2230,7/12/2019,47.871
2231,7/12/2019,47.871
2232,7/12/2019,47.914
2233,7/12/2019,47.826
2234,7/12/2019,47.199
2235,7/12/2019,48.004
2236,7/12/2019,47.512
2237,7/12/2019,47.781
2238,7/12/2019,48.049
2239,7/12/2019,48.628
2240,7/12/2019,48.762
2241,7/12/2019,48.983
2242,7/12/2019,49.692
2243,7/12/2019,49.782
2244,7/12/2019,50.18
2245,7/12/2019,50.488
2246,7/12/2019,48.227
2247,7/12/2019,48.182
2248,7/12/2019,48.272
2249,7/12/2019,48.182
2250,7/12/2019,48.137
2251,7/12/2019,48.36
2252,7/12/2019,48.405
2253,7/12/2019,48.538
2254,7/12/2019,48.583
2255,7/12/2019,48.672
2256,7/12/2019,48.583
2257,7/12/2019,48.628
2258,7/12/2019,48.672
2259,7/12/2019,48.672
2260,7/12/2019,48.538
2261,7/12/2019,48.538
2262,7/12/2019,48.538
2263,7/12/2019,48.538
2264,7/12/2019,48.717
2265,7/12/2019,48.583
2266,7/12/2019,48.628
2267,7/12/2019,48.493
2268,7/12/2019,48.36
2269,7/12/2019,48.36
2270,7/12/2019,48.272
2271,7/13/2019,48.272
2272,7/13/2019,48.137
2273,7/13/2019,47.959
2274,7/13/2019,47.826
2275,7/13/2019,47.736
2276,7/13/2019,47.647
2277,7/13/2019,47.557
2278,7/13/2019,47.512
2279,7/13/2019,47.422
2280,7/13/2019,47.289
2281,7/13/2019,47.289
2282,7/13/2019,47.199
2283,7/13/2019,47.199
2284,7/13/2019,47.199
2285,7/13/2019,47.019
2286,7/13/2019,47.064
2287,7/13/2019,47.019
2288,7/13/2019,46.931
2289,7/13/2019,47.019
2290,7/13/2019,47.019
2291,7/13/2019,47.064
2292,7/13/2019,47.109
2293,7/13/2019,47.154
2294,7/13/2019,47.199
2295,7/13/2019,47.377
2296,7/13/2019,47.602
2297,7/13/2019,47.781
2298,7/13/2019,47.914
2299,7/13/2019,48.094
2300,7/13/2019,48.272
2301,7/13/2019,48.36
2302,7/13/2019,48.36
2303,7/13/2019,48.315
2304,7/13/2019,48.405
2305,7/13/2019,48.45
2306,7/13/2019,48.493
2307,7/13/2019,48.45
2308,7/13/2019,48.583
2309,7/13/2019,48.762
2310,7/13/2019,48.762
2311,7/13/2019,48.717
2312,7/13/2019,48.717
2313,7/13/2019,48.717
2314,7/13/2019,48.672
2315,7/13/2019,48.538
2316,7/13/2019,48.405
2317,7/13/2019,48.315
2318,7/13/2019,48.227
2319,7/14/2019,48.094
2320,7/14/2019,48.004
2321,7/14/2019,47.826
2322,7/14/2019,47.826
2323,7/14/2019,47.736
2324,7/14/2019,47.647
2325,7/14/2019,47.512
2326,7/14/2019,47.377
2327,7/14/2019,47.289
2328,7/14/2019,47.199
2329,7/14/2019,47.199
2330,7/14/2019,47.109
2331,7/14/2019,47.019
2332,7/14/2019,46.974
2333,7/14/2019,46.886
2334,7/14/2019,46.841
2335,7/14/2019,46.751
2336,7/14/2019,46.796
2337,7/14/2019,47.064
2338,7/14/2019,46.974
2339,7/14/2019,46.974
2340,7/14/2019,47.199
2341,7/14/2019,47.154
2342,7/14/2019,47.154
2343,7/14/2019,47.377
2344,7/14/2019,47.422
2345,7/14/2019,47.557
2346,7/14/2019,47.647
2347,7/14/2019,47.736
2348,7/14/2019,47.914
2349,7/14/2019,47.959
2350,7/14/2019,48.049
2351,7/14/2019,48.137
2352,7/14/2019,48.272
2353,7/14/2019,48.227
2354,7/14/2019,48.538
2355,7/14/2019,48.493
2356,7/14/2019,48.45
2357,7/14/2019,48.628
2358,7/14/2019,48.583
2359,7/14/2019,48.583
2360,7/14/2019,48.405
2361,7/14/2019,48.583
2362,7/14/2019,48.45
2363,7/14/2019,48.493
2364,7/14/2019,48.405
2365,7/14/2019,48.272
2366,7/14/2019,48.227
2367,7/15/2019,48.272
2368,7/15/2019,48.182
2369,7/15/2019,48.049
2370,7/15/2019,48.049
2371,7/15/2019,47.914
2372,7/15/2019,47.914
2373,7/15/2019,47.826
2374,7/15/2019,47.602
2375,7/15/2019,47.467
2376,7/15/2019,47.244
2377,7/15/2019,47.199
2378,7/15/2019,47.244
2379,7/15/2019,47.244
2380,7/15/2019,47.377
2381,7/15/2019,47.244
2382,7/15/2019,47.019
2383,7/15/2019,47.064
2384,7/15/2019,47.109
2385,7/15/2019,47.199
2386,7/15/2019,47.109
2387,7/15/2019,47.289
2388,7/15/2019,47.377
2389,7/15/2019,47.377
2390,7/15/2019,47.512
2391,7/15/2019,47.557
2392,7/15/2019,47.602
2393,7/15/2019,47.736
2394,7/15/2019,48.182
2395,7/15/2019,48.227
2396,7/15/2019,48.36
2397,7/15/2019,48.36
2398,7/15/2019,48.315
2399,7/15/2019,48.36
2400,7/15/2019,48.272
2401,7/15/2019,48.493
2402,7/15/2019,48.272
2403,7/15/2019,48.36
2404,7/15/2019,48.227
2405,7/15/2019,48.182
2406,7/15/2019,48.315
2407,7/15/2019,48.137
2408,7/15/2019,48.272
2409,7/15/2019,48.36
2410,7/15/2019,48.272
2411,7/15/2019,48.227
2412,7/15/2019,48.049
2413,7/15/2019,47.871
2414,7/15/2019,47.826
2415,7/16/2019,47.826
2416,7/16/2019,47.826
2417,7/16/2019,47.826
2418,7/16/2019,47.647
2419,7/16/2019,47.557
2420,7/16/2019,47.377
2421,7/16/2019,47.422
2422,7/16/2019,47.377
2423,7/16/2019,47.199
2424,7/16/2019,47.199
2425,7/16/2019,47.154
2426,7/16/2019,47.064
2427,7/16/2019,46.931
2428,7/16/2019,47.064
2429,7/16/2019,46.886
2430,7/16/2019,46.751
2431,7/16/2019,46.661
2432,7/16/2019,46.841
2433,7/16/2019,46.931
2434,7/16/2019,46.974
2435,7/16/2019,47.199
2436,7/16/2019,47.289
2437,7/16/2019,47.467
2438,7/16/2019,48.004
2439,7/16/2019,48.227
2440,7/16/2019,48.45
2441,7/16/2019,48.895
2442,7/16/2019,49.428
2443,7/16/2019,49.782
2444,7/16/2019,50.002
2445,7/16/2019,50.18
2446,7/16/2019,50.311
2447,7/16/2019,50.18
2448,7/16/2019,50.047
2449,7/16/2019,50.092
2450,7/16/2019,50.047
2451,7/16/2019,50.135
2452,7/16/2019,50.223
2453,7/16/2019,50.445
2454,7/16/2019,50.4
2455,7/16/2019,50.268
2456,7/16/2019,50.223
2457,7/16/2019,50.135
2458,7/16/2019,50.002
2459,7/16/2019,49.959
2460,7/16/2019,49.87
2461,7/16/2019,49.692
2462,7/16/2019,49.516
2463,7/17/2019,49.338
2464,7/17/2019,49.204
2465,7/17/2019,49.073
2466,7/17/2019,48.805
2467,7/17/2019,48.538
2468,7/17/2019,48.272
2469,7/17/2019,48.182
2470,7/17/2019,48.004
2471,7/17/2019,47.781
2472,7/17/2019,47.691
2473,7/17/2019,47.647
2474,7/17/2019,47.736
2475,7/17/2019,47.557
2476,7/17/2019,47.422
2477,7/17/2019,47.334
2478,7/17/2019,47.289
2479,7/17/2019,47.154
2480,7/17/2019,47.289
2481,7/17/2019,47.512
2482,7/17/2019,47.557
2483,7/17/2019,47.422
2484,7/17/2019,47.736
2485,7/17/2019,48.094
2486,7/17/2019,48.628
2487,7/17/2019,48.895
2488,7/17/2019,49.161
2489,7/17/2019,49.516
2490,7/17/2019,49.782
2491,7/17/2019,50.18
2492,7/17/2019,50.488
2493,7/17/2019,50.974
2494,7/17/2019,51.237
2495,7/17/2019,51.237
2496,7/17/2019,51.193
2497,7/17/2019,51.282
2498,7/17/2019,51.282
2499,7/17/2019,51.282
2500,7/17/2019,51.282
2501,7/17/2019,51.148
2502,7/17/2019,51.105
2503,7/17/2019,51.062
2504,7/17/2019,51.017
2505,7/17/2019,51.017
2506,7/17/2019,51.017
2507,7/17/2019,50.974
2508,7/17/2019,50.709
2509,7/17/2019,50.4
2510,7/17/2019,50.18
2511,7/18/2019,50.002
2512,7/18/2019,49.959
2513,7/18/2019,49.959
2514,7/18/2019,49.87
2515,7/18/2019,49.782
2516,7/18/2019,49.737
2517,7/18/2019,49.604
2518,7/18/2019,49.516
2519,7/18/2019,49.516
2520,7/18/2019,49.516
2521,7/18/2019,49.428
2522,7/18/2019,49.383
2523,7/18/2019,49.249
2524,7/18/2019,49.161
2525,7/18/2019,49.116
2526,7/18/2019,49.338
2527,7/18/2019,49.516
2528,7/18/2019,49.604
2529,7/18/2019,49.471
2530,7/18/2019,49.604
2531,7/18/2019,49.782
2532,7/18/2019,50.047
2533,7/18/2019,50.445
2534,7/18/2019,50.752
2535,7/18/2019,51.105
2536,7/18/2019,51.282
2537,7/18/2019,51.544
2538,7/18/2019,51.809
2539,7/18/2019,51.895
2540,7/18/2019,52.072
2541,7/18/2019,52.246
2542,7/18/2019,52.246
2543,7/18/2019,52.554
2544,7/18/2019,52.641
2545,7/18/2019,52.729
2546,7/18/2019,52.554
2547,7/18/2019,52.509
2548,7/18/2019,52.509
2549,7/18/2019,52.509
2550,7/18/2019,52.509
2551,7/18/2019,52.509
2552,7/18/2019,52.509
2553,7/18/2019,52.509
2554,7/18/2019,52.335
2555,7/18/2019,52.246
2556,7/18/2019,52.072
2557,7/18/2019,51.984
2558,7/18/2019,51.809
2559,7/19/2019,51.633
2560,7/19/2019,51.458
2561,7/19/2019,51.282
2562,7/19/2019,50.709
2563,7/19/2019,50.886
2564,7/19/2019,50.886
2565,7/19/2019,50.974
2566,7/19/2019,50.929
2567,7/19/2019,50.841
2568,7/19/2019,51.017
2569,7/19/2019,51.017
2570,7/19/2019,50.974
2571,7/19/2019,50.841
2572,7/19/2019,50.664
2573,7/19/2019,50.664
2574,7/19/2019,50.621
2575,7/19/2019,50.621
2576,7/19/2019,50.576
2577,7/19/2019,50.533
2578,7/19/2019,50.533
2579,7/19/2019,50.576
2580,7/19/2019,50.664
2581,7/19/2019,50.752
2582,7/19/2019,50.752
2583,7/19/2019,50.929
2584,7/19/2019,51.017
2585,7/19/2019,51.017
2586,7/19/2019,50.929
2587,7/19/2019,51.062
2588,7/19/2019,51.193
2589,7/19/2019,51.282
2590,7/19/2019,51.544
2591,7/19/2019,51.764
2592,7/19/2019,51.895
2593,7/19/2019,51.94
2594,7/19/2019,51.895
2595,7/19/2019,51.544
2596,7/19/2019,51.37
2597,7/19/2019,51.37
2598,7/19/2019,51.458
2599,7/19/2019,51.458
2600,7/19/2019,51.37
2601,7/19/2019,51.325
2602,7/19/2019,51.325
2603,7/19/2019,51.325
2604,7/19/2019,51.193
2605,7/19/2019,50.974
2606,7/19/2019,50.886
2607,7/20/2019,50.886
2608,7/20/2019,50.841
2609,7/20/2019,50.797
2610,7/20/2019,50.709
2611,7/20/2019,50.621
2612,7/20/2019,50.576
2613,7/20/2019,50.533
2614,7/20/2019,50.445
2615,7/20/2019,50.311
2616,7/20/2019,50.223
2617,7/20/2019,50.135
2618,7/20/2019,50.002
2619,7/20/2019,49.914
2620,7/20/2019,49.782
2621,7/20/2019,49.782
2622,7/20/2019,49.604
2623,7/20/2019,49.338
2624,7/20/2019,49.294
2625,7/20/2019,49.561
2626,7/20/2019,49.782
2627,7/20/2019,49.87
2628,7/20/2019,50.047
2629,7/20/2019,50.445
2630,7/20/2019,50.752
2631,7/20/2019,51.062
2632,7/20/2019,51.458
2633,7/20/2019,51.895
2634,7/20/2019,52.466
2635,7/20/2019,52.86
2636,7/20/2019,53.121
2637,7/20/2019,53.298
2638,7/20/2019,53.209
2639,7/20/2019,53.253
2640,7/20/2019,53.427
2641,7/20/2019,53.559
2642,7/20/2019,53.559
2643,7/20/2019,53.602
2644,7/20/2019,53.559
2645,7/20/2019,53.559
2646,7/20/2019,53.645
2647,7/20/2019,53.602
2648,7/20/2019,53.645
2649,7/20/2019,53.69
2650,7/20/2019,53.733
2651,7/20/2019,53.559
2652,7/20/2019,53.253
2653,7/20/2019,52.947
2654,7/20/2019,52.509
2655,7/21/2019,52.423
2656,7/21/2019,52.335
2657,7/21/2019,52.378
2658,7/21/2019,52.641
2659,7/21/2019,52.423
2660,7/21/2019,52.335
2661,7/21/2019,52.16
2662,7/21/2019,52.115
2663,7/21/2019,51.94
2664,7/21/2019,51.678
2665,7/21/2019,51.544
2666,7/21/2019,51.458
2667,7/21/2019,51.237
2668,7/21/2019,50.974
2669,7/21/2019,50.886
2670,7/21/2019,50.929
2671,7/21/2019,50.929
2672,7/21/2019,50.841
2673,7/21/2019,51.017
2674,7/21/2019,51.193
2675,7/21/2019,51.282
2676,7/21/2019,51.37
2677,7/21/2019,51.458
2678,7/21/2019,51.544
2679,7/21/2019,51.544
2680,7/21/2019,51.721
2681,7/21/2019,52.029
2682,7/21/2019,52.246
2683,7/21/2019,52.423
2684,7/21/2019,52.641
2685,7/21/2019,52.729
2686,7/21/2019,52.817
2687,7/21/2019,52.903
2688,7/21/2019,52.86
2689,7/21/2019,52.86
2690,7/21/2019,52.597
2691,7/21/2019,52.641
2692,7/21/2019,52.509
2693,7/21/2019,52.466
2694,7/21/2019,52.466
2695,7/21/2019,52.423
2696,7/21/2019,52.291
2697,7/21/2019,52.029
2698,7/21/2019,51.94
2699,7/21/2019,51.809
2700,7/21/2019,51.721
2701,7/21/2019,51.589
2702,7/21/2019,51.501
2703,7/22/2019,51.413
2704,7/22/2019,51.325
2705,7/22/2019,51.237
2706,7/22/2019,51.148
2707,7/22/2019,51.017
2708,7/22/2019,50.886
2709,7/22/2019,50.752
2710,7/22/2019,50.664
2711,7/22/2019,50.621
2712,7/22/2019,50.709
2713,7/22/2019,50.664
2714,7/22/2019,50.664
2715,7/22/2019,50.752
2716,7/22/2019,50.621
2717,7/22/2019,50.576
2718,7/22/2019,50.576
2719,7/22/2019,50.752
2720,7/22/2019,50.886
2721,7/22/2019,51.017
2722,7/22/2019,51.105
2723,7/22/2019,51.148
2724,7/22/2019,51.237
2725,7/22/2019,51.325
2726,7/22/2019,51.501
2727,7/22/2019,51.809
2728,7/22/2019,52.029
2729,7/22/2019,52.291
2730,7/22/2019,52.554
2731,7/22/2019,52.903
2732,7/22/2019,53.298
2733,7/22/2019,53.559
2734,7/22/2019,53.951
2735,7/22/2019,54.212
2736,7/22/2019,54.43
2737,7/22/2019,54.604
2738,7/22/2019,54.561
2739,7/22/2019,54.516
2740,7/22/2019,54.43
2741,7/22/2019,54.255
2742,7/22/2019,53.994
2743,7/22/2019,53.82
2744,7/22/2019,53.69
2745,7/22/2019,53.559
2746,7/22/2019,53.559
2747,7/22/2019,53.427
2748,7/22/2019,53.253
2749,7/22/2019,53.078
2750,7/22/2019,52.947
2751,7/23/2019,52.772
2752,7/23/2019,52.729
2753,7/23/2019,52.597
2754,7/23/2019,52.466
2755,7/23/2019,52.246
2756,7/23/2019,52.115
2757,7/23/2019,51.94
2758,7/23/2019,51.809
2759,7/23/2019,51.678
2760,7/23/2019,51.633
2761,7/23/2019,51.589
2762,7/23/2019,51.458
2763,7/23/2019,51.413
2764,7/23/2019,51.413
2765,7/23/2019,51.413
2766,7/23/2019,51.282
2767,7/23/2019,51.062
2768,7/23/2019,51.017
2769,7/23/2019,50.841
2770,7/23/2019,50.576
2771,7/23/2019,50.4
2772,7/23/2019,50.268
2773,7/23/2019,50.135
2774,7/23/2019,50.047
2775,7/23/2019,50.047
2776,7/23/2019,50.002
2777,7/23/2019,49.87
2778,7/23/2019,49.825
2779,7/23/2019,49.782
2780,7/23/2019,49.737
2781,7/23/2019,49.692
2782,7/23/2019,49.737
2783,7/23/2019,49.782
2784,7/23/2019,49.782
2785,7/23/2019,49.692
2786,7/23/2019,49.649
2787,7/23/2019,49.604
2788,7/23/2019,49.561
2789,7/23/2019,49.516
2790,7/23/2019,49.428
2791,7/23/2019,49.383
2792,7/23/2019,49.428
2793,7/23/2019,49.383
2794,7/23/2019,49.428
2795,7/23/2019,49.338
2796,7/23/2019,49.249
2797,7/23/2019,49.161
2798,7/23/2019,49.028
2799,7/24/2019,48.938
2800,7/24/2019,48.762
2801,7/24/2019,48.583
2802,7/24/2019,48.272
2803,7/24/2019,48.094
2804,7/24/2019,47.959
2805,7/24/2019,47.959
2806,7/24/2019,47.781
2807,7/24/2019,47.467
2808,7/24/2019,47.244
2809,7/24/2019,47.154
2810,7/24/2019,47.064
2811,7/24/2019,46.974
2812,7/24/2019,46.886
2813,7/24/2019,46.841
2814,7/24/2019,46.841
2815,7/24/2019,46.841
2816,7/24/2019,46.841
2817,7/24/2019,46.931
2818,7/24/2019,47.019
2819,7/24/2019,47.199
2820,7/24/2019,47.334
2821,7/24/2019,47.422
2822,7/24/2019,47.557
2823,7/24/2019,47.602
2824,7/24/2019,47.736
2825,7/24/2019,47.914
2826,7/24/2019,48.004
2827,7/24/2019,48.137
2828,7/24/2019,48.45
2829,7/24/2019,48.717
2830,7/24/2019,48.895
2831,7/24/2019,48.938
2832,7/24/2019,48.983
2833,7/24/2019,49.116
2834,7/24/2019,49.116
2835,7/24/2019,49.204
2836,7/24/2019,49.116
2837,7/24/2019,49.204
2838,7/24/2019,49.249
2839,7/24/2019,49.383
2840,7/24/2019,49.338
2841,7/24/2019,49.338
2842,7/24/2019,49.294
2843,7/24/2019,49.204
2844,7/24/2019,48.983
2845,7/24/2019,48.895
2846,7/24/2019,48.762
2847,7/25/2019,48.762
2848,7/25/2019,48.805
2849,7/25/2019,48.85
2850,7/25/2019,48.717
2851,7/25/2019,48.583
2852,7/25/2019,48.493
2853,7/25/2019,48.45
2854,7/25/2019,48.36
2855,7/25/2019,48.272
2856,7/25/2019,48.137
2857,7/25/2019,48.094
2858,7/25/2019,48.004
2859,7/25/2019,47.959
2860,7/25/2019,47.871
2861,7/25/2019,47.914
2862,7/25/2019,47.736
2863,7/25/2019,47.647
2864,7/25/2019,47.602
2865,7/25/2019,47.557
2866,7/25/2019,47.512
2867,7/25/2019,47.377
2868,7/25/2019,47.377
2869,7/25/2019,47.377
2870,7/25/2019,47.334
2871,7/25/2019,47.334
2872,7/25/2019,47.377
2873,7/25/2019,47.334
2874,7/25/2019,47.289
2875,7/25/2019,47.289
2876,7/25/2019,47.199
2877,7/25/2019,47.289
2878,7/25/2019,47.289
2879,7/25/2019,47.244
2880,7/25/2019,47.289
2881,7/25/2019,46.974
2882,7/25/2019,47.064
2883,7/25/2019,46.931
2884,7/25/2019,46.974
2885,7/25/2019,46.841
2886,7/25/2019,46.751
2887,7/25/2019,46.796
2888,7/25/2019,46.706
2889,7/25/2019,46.481
2890,7/25/2019,46.391
2891,7/25/2019,46.256
2892,7/25/2019,46.166
2893,7/25/2019,46.031
2894,7/25/2019,45.806
2895,7/26/2019,45.806
2896,7/26/2019,45.624
2897,7/26/2019,45.579
2898,7/26/2019,45.444
2899,7/26/2019,45.399
2900,7/26/2019,45.307
2901,7/26/2019,45.307
2902,7/26/2019,45.082
2903,7/26/2019,45.036
2904,7/26/2019,44.946
2905,7/26/2019,44.856
2906,7/26/2019,44.809
2907,7/26/2019,44.719
2908,7/26/2019,44.856
2909,7/26/2019,44.764
2910,7/26/2019,44.809
2911,7/26/2019,44.764
2912,7/26/2019,45.082
2913,7/26/2019,44.991
2914,7/26/2019,45.172
2915,7/26/2019,45.082
2916,7/26/2019,45.127
2917,7/26/2019,45.127
2918,7/26/2019,45.399
2919,7/26/2019,45.534
2920,7/26/2019,45.579
2921,7/26/2019,45.534
2922,7/26/2019,45.579
2923,7/26/2019,45.806
2924,7/26/2019,45.941
2925,7/26/2019,45.941
2926,7/26/2019,45.941
2927,7/26/2019,45.941
2928,7/26/2019,45.896
2929,7/26/2019,46.031
2930,7/26/2019,46.211
2931,7/26/2019,46.301
2932,7/26/2019,46.526
2933,7/26/2019,46.526
2934,7/26/2019,46.481
2935,7/26/2019,46.481
2936,7/26/2019,46.346
2937,7/26/2019,46.166
2938,7/26/2019,46.121
2939,7/26/2019,46.166
2940,7/26/2019,46.076
2941,7/26/2019,45.851
2942,7/26/2019,45.806
2943,7/27/2019,45.896
2944,7/27/2019,45.806
2945,7/27/2019,45.761
2946,7/27/2019,45.669
2947,7/27/2019,45.534
2948,7/27/2019,45.399
2949,7/27/2019,45.307
2950,7/27/2019,45.217
2951,7/27/2019,45.127
2952,7/27/2019,45.127
2953,7/27/2019,45.082
2954,7/27/2019,44.991
2955,7/27/2019,44.946
2956,7/27/2019,44.764
2957,7/27/2019,44.764
2958,7/27/2019,44.719
2959,7/27/2019,44.627
2960,7/27/2019,44.674
2961,7/27/2019,44.674
2962,7/27/2019,44.627
2963,7/27/2019,44.719
2964,7/27/2019,44.719
2965,7/27/2019,44.856
2966,7/27/2019,44.809
2967,7/27/2019,44.901
2968,7/27/2019,44.856
2969,7/27/2019,44.946
2970,7/27/2019,45.036
2971,7/27/2019,45.127
2972,7/27/2019,45.217
2973,7/27/2019,45.217
2974,7/27/2019,45.127
2975,7/27/2019,45.127
2976,7/27/2019,45.127
2977,7/27/2019,45.127
2978,7/27/2019,45.217
2979,7/27/2019,45.217
2980,7/27/2019,45.262
2981,7/27/2019,45.262
2982,7/27/2019,45.217
2983,7/27/2019,45.217
2984,7/27/2019,45.217
2985,7/27/2019,45.217
2986,7/27/2019,45.127
2987,7/27/2019,45.127
2988,7/27/2019,45.036
2989,7/27/2019,44.991
2990,7/27/2019,45.036
2991,7/28/2019,45.036
2992,7/28/2019,44.991
2993,7/28/2019,44.856
2994,7/28/2019,44.856
2995,7/28/2019,44.901
2996,7/28/2019,44.809
2997,7/28/2019,44.764
2998,7/28/2019,44.809
2999,7/28/2019,44.764
3000,7/28/2019,44.719
3001,7/28/2019,44.674
3002,7/28/2019,44.674
3003,7/28/2019,44.674
3004,7/28/2019,44.856
3005,7/28/2019,44.764
3006,7/28/2019,44.809
3007,7/28/2019,44.809
3008,7/28/2019,44.856
3009,7/28/2019,44.946
3010,7/28/2019,44.946
3011,7/28/2019,45.127
3012,7/28/2019,45.262
3013,7/28/2019,45.399
3014,7/28/2019,45.761
3015,7/28/2019,46.076
3016,7/28/2019,46.256
3017,7/28/2019,46.571
3018,7/28/2019,46.751
3019,7/28/2019,47.109
3020,7/28/2019,47.422
3021,7/28/2019,47.647
3022,7/28/2019,47.871
3023,7/28/2019,47.959
3024,7/28/2019,48.004
3025,7/28/2019,48.004
3026,7/28/2019,48.137
3027,7/28/2019,48.272
3028,7/28/2019,48.36
3029,7/28/2019,48.36
3030,7/28/2019,48.315
3031,7/28/2019,48.315
3032,7/28/2019,48.36
3033,7/28/2019,48.36
3034,7/28/2019,48.36
3035,7/28/2019,48.315
3036,7/28/2019,48.137
3037,7/28/2019,48.049
3038,7/28/2019,48.004
3039,7/29/2019,48.004
3040,7/29/2019,47.826
3041,7/29/2019,47.736
3042,7/29/2019,47.647
3043,7/29/2019,47.602
3044,7/29/2019,47.647
3045,7/29/2019,47.602
3046,7/29/2019,47.602
3047,7/29/2019,47.691
3048,7/29/2019,47.602
3049,7/29/2019,47.557
3050,7/29/2019,47.602
3051,7/29/2019,47.557
3052,7/29/2019,47.512
3053,7/29/2019,47.557
3054,7/29/2019,47.512
3055,7/29/2019,47.467
3056,7/29/2019,47.422
3057,7/29/2019,47.512
3058,7/29/2019,47.602
3059,7/29/2019,47.691
3060,7/29/2019,49.338
3061,7/29/2019,53.472
3062,7/29/2019,54.952
3063,7/29/2019,55.299
3064,7/29/2019,55.602
3065,7/29/2019,57.376
3066,7/29/2019,59.142
3067,7/29/2019,60.904
3068,7/29/2019,62.276
3069,7/29/2019,63.09
3070,7/29/2019,63.819
3071,7/29/2019,64.674
3072,7/29/2019,65.574
3073,7/29/2019,66.385
3074,7/29/2019,66.814
3075,7/29/2019,62.962
3076,7/29/2019,63.648
3077,7/29/2019,63.903
3078,7/29/2019,63.775
3079,7/29/2019,62.834
3080,7/29/2019,61.934
3081,7/29/2019,61.075
3082,7/29/2019,59.873
3083,7/29/2019,57.592
3084,7/29/2019,55.256
3085,7/29/2019,53.951
3086,7/29/2019,53.733
3087,7/30/2019,53.559
3088,7/30/2019,52.686
3089,7/30/2019,52.16
3090,7/30/2019,51.852
3091,7/30/2019,51.984
3092,7/30/2019,51.895
3093,7/30/2019,51.809
3094,7/30/2019,51.501
3095,7/30/2019,51.325
3096,7/30/2019,50.929
3097,7/30/2019,50.797
3098,7/30/2019,50.621
3099,7/30/2019,50.092
3100,7/30/2019,50.311
3101,7/30/2019,50.886
3102,7/30/2019,51.678
3103,7/30/2019,53.298
3104,7/30/2019,55.647
3105,7/30/2019,65.615
3106,7/30/2019,72.955
3107,7/30/2019,75.853
3108,7/30/2019,77.117
3109,7/30/2019,76.854
3110,7/30/2019,78.208
3111,7/30/2019,77.815
3112,7/30/2019,76.768
3113,7/30/2019,72.739
3114,7/30/2019,70.543
3115,7/30/2019,67.757
3116,7/30/2019,68.013
3117,7/30/2019,69.256
3118,7/30/2019,68.871
3119,7/30/2019,68.571
3120,7/30/2019,68.527
3121,7/30/2019,68.871
3122,7/30/2019,69.042
3123,7/30/2019,70.416
3124,7/30/2019,66.6
3125,7/30/2019,63.518
3126,7/30/2019,62.105
3127,7/30/2019,61.419
3128,7/30/2019,60.991
3129,7/30/2019,60.647
3130,7/30/2019,60.39
3131,7/30/2019,60.174
3132,7/30/2019,60.046
3133,7/30/2019,59.873
3134,7/30/2019,59.745
3135,7/31/2019,59.616
3136,7/31/2019,59.529
3137,7/31/2019,59.401
3138,7/31/2019,59.315
3139,7/31/2019,59.229
3140,7/31/2019,59.142
3141,7/31/2019,59.099
3142,7/31/2019,59.014
3143,7/31/2019,58.971
3144,7/31/2019,58.885
3145,7/31/2019,58.842
3146,7/31/2019,58.755
3147,7/31/2019,58.712
3148,7/31/2019,58.669
3149,7/31/2019,58.626
3150,7/31/2019,58.582
3151,7/31/2019,58.541
3152,7/31/2019,58.541
3153,7/31/2019,58.498
3154,7/31/2019,58.455
3155,7/31/2019,58.411
3156,7/31/2019,58.411
3157,7/31/2019,58.368
3158,7/31/2019,58.455
3159,7/31/2019,58.541
3160,7/31/2019,59.229
3161,7/31/2019,60.904
3162,7/31/2019,61.032
3163,7/31/2019,61.162
3164,7/31/2019,61.248
3165,7/31/2019,64.589
3166,7/31/2019,70.803
3167,7/31/2019,73.386
3168,7/31/2019,73.645
3169,7/31/2019,74.077
3170,7/31/2019,74.338
3171,7/31/2019,74.467
3172,7/31/2019,74.25
3173,7/31/2019,73.904
3174,7/31/2019,73.558
3175,7/31/2019,73.17
3176,7/31/2019,72.955
3177,7/31/2019,72.739
3178,7/31/2019,72.523
3179,7/31/2019,72.351
3180,7/31/2019,72.178
3181,7/31/2019,72.05
3182,7/31/2019,71.877
3183,8/1/2019,71.748
3184,8/1/2019,71.62
3185,8/1/2019,71.49
3186,8/1/2019,71.361
3187,8/1/2019,71.317
3188,8/1/2019,71.231
3189,8/1/2019,71.19
3190,8/1/2019,71.103
3191,8/1/2019,71.017
3192,8/1/2019,70.93
3193,8/1/2019,70.846
3194,8/1/2019,70.803
3195,8/1/2019,70.716
3196,8/1/2019,70.673
3197,8/1/2019,70.587
3198,8/1/2019,70.587
3199,8/1/2019,70.502
3200,8/1/2019,70.502
3201,8/1/2019,70.502
3202,8/1/2019,70.502
3203,8/1/2019,70.459
3204,8/1/2019,70.459
3205,8/1/2019,70.459
3206,8/1/2019,70.543
3207,8/1/2019,70.587
3208,8/1/2019,70.63
3209,8/1/2019,70.63
3210,8/1/2019,70.716
3211,8/1/2019,70.759
3212,8/1/2019,70.803
3213,8/1/2019,70.803
3214,8/1/2019,70.759
3215,8/1/2019,70.673
3216,8/1/2019,70.63
3217,8/1/2019,70.716
3218,8/1/2019,70.846
3219,8/1/2019,71.017
3220,8/1/2019,71.146
3221,8/1/2019,71.274
3222,8/1/2019,71.317
3223,8/1/2019,71.361
3224,8/1/2019,71.404
3225,8/1/2019,71.404
3226,8/1/2019,71.404
3227,8/1/2019,71.361
3228,8/1/2019,71.317
3229,8/1/2019,71.274
3230,8/1/2019,71.231
3231,8/2/2019,71.19
3232,8/2/2019,71.103
3233,8/2/2019,71.017
3234,8/2/2019,70.974
3235,8/2/2019,70.887
3236,8/2/2019,70.846
3237,8/2/2019,70.759
3238,8/2/2019,70.673
3239,8/2/2019,70.63
3240,8/2/2019,70.543
3241,8/2/2019,70.502
3242,8/2/2019,70.416
3243,8/2/2019,70.372
3244,8/2/2019,70.329
3245,8/2/2019,70.243
3246,8/2/2019,70.201
3247,8/2/2019,70.158
3248,8/2/2019,70.201
3249,8/2/2019,70.201
3250,8/2/2019,70.243
3251,8/2/2019,70.416
3252,8/2/2019,70.587
3253,8/2/2019,70.803
3254,8/2/2019,71.06
3255,8/2/2019,71.361
3256,8/2/2019,71.704
3257,8/2/2019,72.007
3258,8/2/2019,72.307
3259,8/2/2019,72.61
3260,8/2/2019,72.955
3261,8/2/2019,73.299
3262,8/2/2019,73.602
3263,8/2/2019,73.904
3264,8/2/2019,74.25
3265,8/2/2019,74.597
3266,8/2/2019,74.899
3267,8/2/2019,75.16
3268,8/2/2019,75.42
3269,8/2/2019,75.508
3270,8/2/2019,75.463
3271,8/2/2019,75.42
3272,8/2/2019,75.333
3273,8/2/2019,75.204
3274,8/2/2019,75.074
3275,8/2/2019,74.943
3276,8/2/2019,74.813
3277,8/2/2019,74.64
3278,8/2/2019,74.467
3279,8/3/2019,74.338
3280,8/3/2019,74.206
3281,8/3/2019,74.034
3282,8/3/2019,73.904
3283,8/3/2019,73.774
3284,8/3/2019,73.602
3285,8/3/2019,73.429
3286,8/3/2019,73.256
3287,8/3/2019,73.083
3288,8/3/2019,72.955
3289,8/3/2019,72.783
3290,8/3/2019,72.653
3291,8/3/2019,72.48
3292,8/3/2019,72.351
3293,8/3/2019,72.221
3294,8/3/2019,72.136
3295,8/3/2019,72.307
3296,8/3/2019,72.394
3297,8/3/2019,71.791
3298,8/3/2019,71.103
3299,8/3/2019,71.017
3300,8/3/2019,71.017
3301,8/3/2019,71.49
3302,8/3/2019,71.877
3303,8/3/2019,72.351
3304,8/3/2019,72.826
3305,8/3/2019,73.472
3306,8/3/2019,73.904
3307,8/3/2019,74.163
3308,8/3/2019,74.295
3309,8/3/2019,74.338
3310,8/3/2019,74.424
3311,8/3/2019,74.511
3312,8/3/2019,74.597
3313,8/3/2019,74.64
3314,8/3/2019,74.727
3315,8/3/2019,74.77
3316,8/3/2019,74.813
3317,8/3/2019,74.813
3318,8/3/2019,74.683
3319,8/3/2019,74.554
3320,8/3/2019,74.424
3321,8/3/2019,74.295
3322,8/3/2019,74.163
3323,8/3/2019,73.99
3324,8/3/2019,73.861
3325,8/3/2019,73.731
3326,8/3/2019,73.602
3327,8/4/2019,73.429
3328,8/4/2019,73.342
3329,8/4/2019,73.17
3330,8/4/2019,73.083
3331,8/4/2019,72.955
3332,8/4/2019,72.826
3333,8/4/2019,72.739
3334,8/4/2019,72.61
3335,8/4/2019,72.523
3336,8/4/2019,72.437
3337,8/4/2019,72.307
3338,8/4/2019,72.221
3339,8/4/2019,72.136
3340,8/4/2019,72.05
3341,8/4/2019,71.964
3342,8/4/2019,71.877
3343,8/4/2019,71.834
3344,8/4/2019,71.748
3345,8/4/2019,71.704
3346,8/4/2019,71.661
3347,8/4/2019,71.62
3348,8/4/2019,71.577
3349,8/4/2019,71.577
3350,8/4/2019,71.62
3351,8/4/2019,71.748
3352,8/4/2019,71.877
3353,8/4/2019,72.007
3354,8/4/2019,72.221
3355,8/4/2019,72.48
3356,8/4/2019,72.739
3357,8/4/2019,72.997
3358,8/4/2019,73.256
3359,8/4/2019,73.515
3360,8/4/2019,73.774
3361,8/4/2019,74.034
3362,8/4/2019,74.206
3363,8/4/2019,74.338
3364,8/4/2019,74.511
3365,8/4/2019,74.554
3366,8/4/2019,74.467
3367,8/4/2019,74.338
3368,8/4/2019,74.206
3369,8/4/2019,74.077
3370,8/4/2019,73.947
3371,8/4/2019,73.774
3372,8/4/2019,73.645
3373,8/4/2019,73.515
3374,8/4/2019,73.386
3375,8/5/2019,73.256
3376,8/5/2019,73.17
3377,8/5/2019,73.04
3378,8/5/2019,72.912
3379,8/5/2019,72.826
3380,8/5/2019,72.696
3381,8/5/2019,72.61
3382,8/5/2019,72.48
3383,8/5/2019,72.394
3384,8/5/2019,72.264
3385,8/5/2019,72.178
3386,8/5/2019,72.093
3387,8/5/2019,72.007
3388,8/5/2019,71.92
3389,8/5/2019,71.834
3390,8/5/2019,71.748
3391,8/5/2019,71.661
3392,8/5/2019,71.62
3393,8/5/2019,71.62
3394,8/5/2019,71.533
3395,8/5/2019,71.49
3396,8/5/2019,71.447
3397,8/5/2019,71.49
3398,8/5/2019,71.661
3399,8/5/2019,71.791
3400,8/5/2019,72.05
3401,8/5/2019,72.351
3402,8/5/2019,72.653
3403,8/5/2019,72.955
3404,8/5/2019,73.213
3405,8/5/2019,73.386
3406,8/5/2019,73.558
3407,8/5/2019,73.688
3408,8/5/2019,73.818
3409,8/5/2019,74.034
3410,8/5/2019,74.25
3411,8/5/2019,74.467
3412,8/5/2019,74.683
3413,8/5/2019,74.77
3414,8/5/2019,74.727
3415,8/5/2019,74.683
3416,8/5/2019,74.554
3417,8/5/2019,74.424
3418,8/5/2019,74.295
3419,8/5/2019,74.12
3420,8/5/2019,73.99
3421,8/5/2019,73.861
3422,8/5/2019,73.688
3423,8/6/2019,73.558
3424,8/6/2019,73.429
3425,8/6/2019,73.299
3426,8/6/2019,73.17
3427,8/6/2019,73.04
3428,8/6/2019,72.912
3429,8/6/2019,72.783
3430,8/6/2019,72.653
3431,8/6/2019,72.523
3432,8/6/2019,72.394
3433,8/6/2019,72.307
3434,8/6/2019,72.178
3435,8/6/2019,72.05
3436,8/6/2019,71.964
3437,8/6/2019,71.877
3438,8/6/2019,71.791
3439,8/6/2019,71.704
3440,8/6/2019,72.05
3441,8/6/2019,72.567
3442,8/6/2019,73.083
3443,8/6/2019,73.386
3444,8/6/2019,73.645
3445,8/6/2019,73.904
3446,8/6/2019,74.295
3447,8/6/2019,74.597
3448,8/6/2019,74.813
3449,8/6/2019,74.986
3450,8/6/2019,75.333
3451,8/6/2019,75.637
3452,8/6/2019,75.942
3453,8/6/2019,76.289
3454,8/6/2019,76.55
3455,8/6/2019,76.899
3456,8/6/2019,77.247
3457,8/6/2019,77.553
3458,8/6/2019,77.596
3459,8/6/2019,77.596
3460,8/6/2019,77.553
3461,8/6/2019,77.464
3462,8/6/2019,77.335
3463,8/6/2019,77.203
3464,8/6/2019,77.029
3465,8/6/2019,76.899
3466,8/6/2019,76.725
3467,8/6/2019,76.593
3468,8/6/2019,76.419
3469,8/6/2019,76.246
3470,8/6/2019,76.071
3471,8/7/2019,75.942
3472,8/7/2019,75.767
3473,8/7/2019,75.594
3474,8/7/2019,75.463
3475,8/7/2019,75.29
3476,8/7/2019,75.16
3477,8/7/2019,74.986
3478,8/7/2019,74.856
3479,8/7/2019,74.727
3480,8/7/2019,74.64
3481,8/7/2019,74.511
3482,8/7/2019,74.381
3483,8/7/2019,74.25
3484,8/7/2019,74.163
3485,8/7/2019,74.034
3486,8/7/2019,74.163
3487,8/7/2019,74.381
3488,8/7/2019,74.597
3489,8/7/2019,74.597
3490,8/7/2019,74.597
3491,8/7/2019,74.683
3492,8/7/2019,74.727
3493,8/7/2019,74.727
3494,8/7/2019,74.943
3495,8/7/2019,75.29
3496,8/7/2019,75.767
3497,8/7/2019,76.158
3498,8/7/2019,76.636
3499,8/7/2019,76.986
3500,8/7/2019,77.553
3501,8/7/2019,77.99