#,"Date Time, GMT-08:00","Temp, °F (LGR S/N: 20607124, SEN S/N: 20607124)"
1,5/26/2019,46.931
2,5/26/2019,46.886
3,5/26/2019,46.796
4,5/26/2019,46.661
5,5/26/2019,46.571
6,5/26/2019,46.526
7,5/26/2019,46.481
8,5/26/2019,46.391
9,5/26/2019,46.391
10,5/26/2019,46.301
11,5/26/2019,46.256
12,5/26/2019,46.211
13,5/26/2019,46.211
14,5/26/2019,46.256
15,5/27/2019,46.211
16,5/27/2019,46.211
17,5/27/2019,46.121
18,5/27/2019,46.121
19,5/27/2019,46.076
20,5/27/2019,45.986
21,5/27/2019,45.941
22,5/27/2019,45.896
23,5/27/2019,45.851
24,5/27/2019,45.806
25,5/27/2019,45.806
26,5/27/2019,45.761
27,5/27/2019,45.624
28,5/27/2019,45.489
29,5/27/2019,45.444
30,5/27/2019,45.399
31,5/27/2019,45.354
32,5/27/2019,45.307
33,5/27/2019,45.307
34,5/27/2019,45.217
35,5/27/2019,45.172
36,5/27/2019,45.262
37,5/27/2019,45.399
38,5/27/2019,45.624
39,5/27/2019,45.761
40,5/27/2019,45.941
41,5/27/2019,46.166
42,5/27/2019,46.391
43,5/27/2019,46.571
44,5/27/2019,46.526
45,5/27/2019,46.616
46,5/27/2019,46.616
47,5/27/2019,46.751
48,5/27/2019,46.751
49,5/27/2019,46.616
50,5/27/2019,46.481
51,5/27/2019,46.526
52,5/27/2019,46.481
53,5/27/2019,46.346
54,5/27/2019,46.301
55,5/27/2019,46.076
56,5/27/2019,45.941
57,5/27/2019,45.761
58,5/27/2019,45.579
59,5/27/2019,45.534
60,5/27/2019,45.489
61,5/27/2019,45.399
62,5/27/2019,45.307
63,5/28/2019,45.262
64,5/28/2019,45.217
65,5/28/2019,45.127
66,5/28/2019,45.082
67,5/28/2019,45.082
68,5/28/2019,45.036
69,5/28/2019,45.036
70,5/28/2019,45.036
71,5/28/2019,45.036
72,5/28/2019,44.991
73,5/28/2019,44.946
74,5/28/2019,44.946
75,5/28/2019,44.901
76,5/28/2019,44.809
77,5/28/2019,44.809
78,5/28/2019,44.809
79,5/28/2019,44.764
80,5/28/2019,44.764
81,5/28/2019,44.764
82,5/28/2019,44.856
83,5/28/2019,44.991
84,5/28/2019,45.217
85,5/28/2019,45.354
86,5/28/2019,45.444
87,5/28/2019,45.669
88,5/28/2019,45.714
89,5/28/2019,45.941
90,5/28/2019,46.031
91,5/28/2019,46.076
92,5/28/2019,46.256
93,5/28/2019,46.436
94,5/28/2019,46.616
95,5/28/2019,46.571
96,5/28/2019,46.571
97,5/28/2019,46.616
98,5/28/2019,46.616
99,5/28/2019,46.571
100,5/28/2019,46.571
101,5/28/2019,46.571
102,5/28/2019,46.571
103,5/28/2019,46.481
104,5/28/2019,46.436
105,5/28/2019,46.211
106,5/28/2019,46.031
107,5/28/2019,45.896
108,5/28/2019,45.761
109,5/28/2019,45.669
110,5/28/2019,45.579
111,5/29/2019,45.489
112,5/29/2019,45.399
113,5/29/2019,45.354
114,5/29/2019,45.307
115,5/29/2019,45.262
116,5/29/2019,45.172
117,5/29/2019,45.172
118,5/29/2019,45.127
119,5/29/2019,45.036
120,5/29/2019,45.036
121,5/29/2019,44.991
122,5/29/2019,44.946
123,5/29/2019,44.901
124,5/29/2019,44.856
125,5/29/2019,44.856
126,5/29/2019,44.856
127,5/29/2019,44.856
128,5/29/2019,44.946
129,5/29/2019,44.991
130,5/29/2019,44.991
131,5/29/2019,45.036
132,5/29/2019,45.036
133,5/29/2019,45.082
134,5/29/2019,45.082
135,5/29/2019,45.127
136,5/29/2019,45.217
137,5/29/2019,45.217
138,5/29/2019,45.307
139,5/29/2019,45.399
140,5/29/2019,45.579
141,5/29/2019,45.761
142,5/29/2019,45.806
143,5/29/2019,45.896
144,5/29/2019,45.941
145,5/29/2019,45.851
146,5/29/2019,45.806
147,5/29/2019,45.806
148,5/29/2019,45.806
149,5/29/2019,45.851
150,5/29/2019,45.851
151,5/29/2019,45.851
152,5/29/2019,45.851
153,5/29/2019,45.806
154,5/29/2019,45.761
155,5/29/2019,45.714
156,5/29/2019,45.669
157,5/29/2019,45.624
158,5/29/2019,45.579
159,5/30/2019,45.489
160,5/30/2019,45.399
161,5/30/2019,45.354
162,5/30/2019,45.262
163,5/30/2019,45.262
164,5/30/2019,45.217
165,5/30/2019,45.172
166,5/30/2019,45.127
167,5/30/2019,45.036
168,5/30/2019,44.946
169,5/30/2019,44.946
170,5/30/2019,44.946
171,5/30/2019,44.946
172,5/30/2019,44.991
173,5/30/2019,44.991
174,5/30/2019,44.991
175,5/30/2019,45.036
176,5/30/2019,45.082
177,5/30/2019,45.127
178,5/30/2019,45.217
179,5/30/2019,45.307
180,5/30/2019,45.354
181,5/30/2019,45.444
182,5/30/2019,45.489
183,5/30/2019,45.579
184,5/30/2019,45.714
185,5/30/2019,45.806
186,5/30/2019,45.896
187,5/30/2019,45.941
188,5/30/2019,45.986
189,5/30/2019,46.031
190,5/30/2019,46.031
191,5/30/2019,46.121
192,5/30/2019,46.121
193,5/30/2019,46.121
194,5/30/2019,46.121
195,5/30/2019,46.076
196,5/30/2019,46.031
197,5/30/2019,45.986
198,5/30/2019,45.941
199,5/30/2019,45.896
200,5/30/2019,45.851
201,5/30/2019,45.761
202,5/30/2019,45.714
203,5/30/2019,45.669
204,5/30/2019,45.624
205,5/30/2019,45.579
206,5/30/2019,45.489
207,5/31/2019,45.444
208,5/31/2019,45.399
209,5/31/2019,45.354
210,5/31/2019,45.307
211,5/31/2019,45.307
212,5/31/2019,45.307
213,5/31/2019,45.307
214,5/31/2019,45.262
215,5/31/2019,45.217
216,5/31/2019,45.217
217,5/31/2019,45.217
218,5/31/2019,45.217
219,5/31/2019,45.217
220,5/31/2019,45.217
221,5/31/2019,45.217
222,5/31/2019,45.262
223,5/31/2019,45.262
224,5/31/2019,45.307
225,5/31/2019,45.354
226,5/31/2019,45.354
227,5/31/2019,45.399
228,5/31/2019,45.489
229,5/31/2019,45.534
230,5/31/2019,45.579
231,5/31/2019,45.669
232,5/31/2019,45.761
233,5/31/2019,45.851
234,5/31/2019,45.941
235,5/31/2019,46.031
236,5/31/2019,46.121
237,5/31/2019,46.166
238,5/31/2019,46.256
239,5/31/2019,46.301
240,5/31/2019,46.391
241,5/31/2019,46.346
242,5/31/2019,46.346
243,5/31/2019,46.346
244,5/31/2019,46.346
245,5/31/2019,46.301
246,5/31/2019,46.211
247,5/31/2019,46.256
248,5/31/2019,46.166
249,5/31/2019,46.031
250,5/31/2019,45.941
251,5/31/2019,45.851
252,5/31/2019,45.761
253,5/31/2019,45.714
254,5/31/2019,45.669
255,6/1/2019,45.579
256,6/1/2019,45.534
257,6/1/2019,45.489
258,6/1/2019,45.489
259,6/1/2019,45.444
260,6/1/2019,45.444
261,6/1/2019,45.399
262,6/1/2019,45.399
263,6/1/2019,45.399
264,6/1/2019,45.354
265,6/1/2019,45.354
266,6/1/2019,45.354
267,6/1/2019,45.354
268,6/1/2019,45.354
269,6/1/2019,45.354
270,6/1/2019,45.399
271,6/1/2019,45.444
272,6/1/2019,45.489
273,6/1/2019,45.579
274,6/1/2019,45.669
275,6/1/2019,45.714
276,6/1/2019,45.761
277,6/1/2019,45.806
278,6/1/2019,45.851
279,6/1/2019,45.896
280,6/1/2019,45.941
281,6/1/2019,45.986
282,6/1/2019,46.076
283,6/1/2019,46.121
284,6/1/2019,46.211
285,6/1/2019,46.256
286,6/1/2019,46.301
287,6/1/2019,46.301
288,6/1/2019,46.301
289,6/1/2019,46.301
290,6/1/2019,46.346
291,6/1/2019,46.301
292,6/1/2019,46.301
293,6/1/2019,46.301
294,6/1/2019,46.256
295,6/1/2019,46.301
296,6/1/2019,46.301
297,6/1/2019,46.301
298,6/1/2019,46.211
299,6/1/2019,46.166
300,6/1/2019,46.121
301,6/1/2019,45.986
302,6/1/2019,45.941
303,6/2/2019,45.896
304,6/2/2019,45.806
305,6/2/2019,45.714
306,6/2/2019,45.624
307,6/2/2019,45.534
308,6/2/2019,45.489
309,6/2/2019,45.444
310,6/2/2019,45.399
311,6/2/2019,45.399
312,6/2/2019,45.354
313,6/2/2019,45.354
314,6/2/2019,45.354
315,6/2/2019,45.354
316,6/2/2019,45.354
317,6/2/2019,45.354
318,6/2/2019,45.354
319,6/2/2019,45.399
320,6/2/2019,45.444
321,6/2/2019,45.489
322,6/2/2019,45.579
323,6/2/2019,45.669
324,6/2/2019,45.851
325,6/2/2019,46.031
326,6/2/2019,46.301
327,6/2/2019,46.481
328,6/2/2019,46.661
329,6/2/2019,46.841
330,6/2/2019,47.064
331,6/2/2019,47.199
332,6/2/2019,47.244
333,6/2/2019,47.289
334,6/2/2019,47.377
335,6/2/2019,47.377
336,6/2/2019,47.244
337,6/2/2019,47.199
338,6/2/2019,47.109
339,6/2/2019,47.109
340,6/2/2019,47.109
341,6/2/2019,47.109
342,6/2/2019,47.019
343,6/2/2019,46.931
344,6/2/2019,46.841
345,6/2/2019,46.751
346,6/2/2019,46.661
347,6/2/2019,46.526
348,6/2/2019,46.481
349,6/2/2019,46.346
350,6/2/2019,46.256
351,6/3/2019,46.166
352,6/3/2019,46.076
353,6/3/2019,46.076
354,6/3/2019,45.986
355,6/3/2019,45.896
356,6/3/2019,45.851
357,6/3/2019,45.806
358,6/3/2019,45.761
359,6/3/2019,45.761
360,6/3/2019,45.761
361,6/3/2019,45.761
362,6/3/2019,45.806
363,6/3/2019,45.851
364,6/3/2019,45.851
365,6/3/2019,45.896
366,6/3/2019,45.941
367,6/3/2019,45.986
368,6/3/2019,46.076
369,6/3/2019,46.166
370,6/3/2019,46.301
371,6/3/2019,46.436
372,6/3/2019,46.571
373,6/3/2019,46.616
374,6/3/2019,46.751
375,6/3/2019,46.841
376,6/3/2019,46.886
377,6/3/2019,46.931
378,6/3/2019,46.886
379,6/3/2019,46.886
380,6/3/2019,46.886
381,6/3/2019,46.886
382,6/3/2019,46.841
383,6/3/2019,46.841
384,6/3/2019,46.841
385,6/3/2019,46.886
386,6/3/2019,46.931
387,6/3/2019,46.974
388,6/3/2019,47.019
389,6/3/2019,46.974
390,6/3/2019,46.931
391,6/3/2019,46.886
392,6/3/2019,46.841
393,6/3/2019,46.796
394,6/3/2019,46.706
395,6/3/2019,46.661
396,6/3/2019,46.616
397,6/3/2019,46.481
398,6/3/2019,46.436
399,6/4/2019,46.391
400,6/4/2019,46.346
401,6/4/2019,46.301
402,6/4/2019,46.211
403,6/4/2019,46.166
404,6/4/2019,46.166
405,6/4/2019,46.166
406,6/4/2019,46.121
407,6/4/2019,46.121
408,6/4/2019,46.121
409,6/4/2019,46.076
410,6/4/2019,46.076
411,6/4/2019,46.121
412,6/4/2019,46.121
413,6/4/2019,46.121
414,6/4/2019,46.166
415,6/4/2019,46.211
416,6/4/2019,46.301
417,6/4/2019,46.346
418,6/4/2019,46.436
419,6/4/2019,46.481
420,6/4/2019,46.571
421,6/4/2019,46.706
422,6/4/2019,46.841
423,6/4/2019,46.931
424,6/4/2019,47.064
425,6/4/2019,47.109
426,6/4/2019,47.109
427,6/4/2019,47.109
428,6/4/2019,47.109
429,6/4/2019,47.109
430,6/4/2019,47.064
431,6/4/2019,47.109
432,6/4/2019,47.109
433,6/4/2019,47.154
434,6/4/2019,47.199
435,6/4/2019,47.199
436,6/4/2019,47.199
437,6/4/2019,47.199
438,6/4/2019,47.154
439,6/4/2019,47.199
440,6/4/2019,47.109
441,6/4/2019,47.064
442,6/4/2019,46.974
443,6/4/2019,46.974
444,6/4/2019,46.931
445,6/4/2019,46.931
446,6/4/2019,46.886
447,6/5/2019,46.841
448,6/5/2019,46.841
449,6/5/2019,46.751
450,6/5/2019,46.661
451,6/5/2019,46.661
452,6/5/2019,46.616
453,6/5/2019,46.571
454,6/5/2019,46.571
455,6/5/2019,46.571
456,6/5/2019,46.526
457,6/5/2019,46.526
458,6/5/2019,46.526
459,6/5/2019,46.526
460,6/5/2019,46.526
461,6/5/2019,46.526
462,6/5/2019,46.571
463,6/5/2019,46.616
464,6/5/2019,46.661
465,6/5/2019,46.751
466,6/5/2019,46.796
467,6/5/2019,46.974
468,6/5/2019,47.109
469,6/5/2019,47.289
470,6/5/2019,47.512
471,6/5/2019,47.602
472,6/5/2019,47.826
473,6/5/2019,48.36
474,6/5/2019,48.672
475,6/5/2019,48.805
476,6/5/2019,48.85
477,6/5/2019,48.805
478,6/5/2019,48.85
479,6/5/2019,48.895
480,6/5/2019,48.983
481,6/5/2019,49.028
482,6/5/2019,48.983
483,6/5/2019,49.028
484,6/5/2019,49.073
485,6/5/2019,48.983
486,6/5/2019,48.983
487,6/5/2019,48.85
488,6/5/2019,48.762
489,6/5/2019,48.493
490,6/5/2019,48.227
491,6/5/2019,48.049
492,6/5/2019,47.826
493,6/5/2019,47.736
494,6/5/2019,47.691
495,6/6/2019,47.691
496,6/6/2019,47.557
497,6/6/2019,47.512
498,6/6/2019,47.602
499,6/6/2019,47.602
500,6/6/2019,47.557
501,6/6/2019,47.467
502,6/6/2019,47.422
503,6/6/2019,47.289
504,6/6/2019,47.199
505,6/6/2019,47.109
506,6/6/2019,47.064
507,6/6/2019,47.019
508,6/6/2019,46.974
509,6/6/2019,46.974
510,6/6/2019,46.931
511,6/6/2019,47.064
512,6/6/2019,47.109
513,6/6/2019,47.289
514,6/6/2019,47.467
515,6/6/2019,47.736
516,6/6/2019,48.004
517,6/6/2019,48.227
518,6/6/2019,48.45
519,6/6/2019,48.628
520,6/6/2019,48.805
521,6/6/2019,49.073
522,6/6/2019,49.249
523,6/6/2019,49.471
524,6/6/2019,49.692
525,6/6/2019,49.914
526,6/6/2019,50.002
527,6/6/2019,50.135
528,6/6/2019,50.18
529,6/6/2019,50.223
530,6/6/2019,50.135
531,6/6/2019,50.092
532,6/6/2019,50.002
533,6/6/2019,49.825
534,6/6/2019,49.604
535,6/6/2019,49.428
536,6/6/2019,49.383
537,6/6/2019,49.294
538,6/6/2019,49.204
539,6/6/2019,49.116
540,6/6/2019,48.983
541,6/6/2019,48.805
542,6/6/2019,48.628
543,6/7/2019,48.405
544,6/7/2019,48.227
545,6/7/2019,48.094
546,6/7/2019,48.004
547,6/7/2019,47.959
548,6/7/2019,47.959
549,6/7/2019,47.914
550,6/7/2019,47.914
551,6/7/2019,47.914
552,6/7/2019,47.914
553,6/7/2019,47.914
554,6/7/2019,47.871
555,6/7/2019,47.871
556,6/7/2019,47.914
557,6/7/2019,47.959
558,6/7/2019,48.004
559,6/7/2019,48.004
560,6/7/2019,48.049
561,6/7/2019,48.182
562,6/7/2019,48.315
563,6/7/2019,48.493
564,6/7/2019,48.717
565,6/7/2019,48.938
566,6/7/2019,49.161
567,6/7/2019,49.428
568,6/7/2019,49.604
569,6/7/2019,49.914
570,6/7/2019,50.047
571,6/7/2019,50.223
572,6/7/2019,50.311
573,6/7/2019,50.445
574,6/7/2019,50.576
575,6/7/2019,50.797
576,6/7/2019,50.752
577,6/7/2019,50.709
578,6/7/2019,50.664
579,6/7/2019,50.621
580,6/7/2019,50.488
581,6/7/2019,50.311
582,6/7/2019,50.268
583,6/7/2019,50.223
584,6/7/2019,50.047
585,6/7/2019,49.959
586,6/7/2019,49.87
587,6/7/2019,49.782
588,6/7/2019,49.516
589,6/7/2019,49.383
590,6/7/2019,49.249
591,6/8/2019,49.161
592,6/8/2019,49.161
593,6/8/2019,49.073
594,6/8/2019,48.983
595,6/8/2019,48.983
596,6/8/2019,48.895
597,6/8/2019,48.762
598,6/8/2019,48.717
599,6/8/2019,48.628
600,6/8/2019,48.583
601,6/8/2019,48.538
602,6/8/2019,48.628
603,6/8/2019,48.628
604,6/8/2019,48.628
605,6/8/2019,48.628
606,6/8/2019,48.672
607,6/8/2019,48.672
608,6/8/2019,48.717
609,6/8/2019,48.762
610,6/8/2019,48.805
611,6/8/2019,48.895
612,6/8/2019,48.895
613,6/8/2019,48.938
614,6/8/2019,48.983
615,6/8/2019,48.983
616,6/8/2019,48.983
617,6/8/2019,49.028
618,6/8/2019,49.028
619,6/8/2019,49.028
620,6/8/2019,49.073
621,6/8/2019,49.073
622,6/8/2019,49.028
623,6/8/2019,48.983
624,6/8/2019,48.983
625,6/8/2019,48.938
626,6/8/2019,48.895
627,6/8/2019,48.983
628,6/8/2019,48.983
629,6/8/2019,49.028
630,6/8/2019,49.073
631,6/8/2019,49.028
632,6/8/2019,48.983
633,6/8/2019,48.983
634,6/8/2019,48.895
635,6/8/2019,48.805
636,6/8/2019,48.672
637,6/8/2019,48.672
638,6/8/2019,48.583
639,6/9/2019,48.493
640,6/9/2019,48.45
641,6/9/2019,48.36
642,6/9/2019,48.315
643,6/9/2019,48.272
644,6/9/2019,48.227
645,6/9/2019,48.137
646,6/9/2019,48.094
647,6/9/2019,48.049
648,6/9/2019,48.049
649,6/9/2019,48.004
650,6/9/2019,47.959
651,6/9/2019,47.959
652,6/9/2019,47.959
653,6/9/2019,48.004
654,6/9/2019,48.004
655,6/9/2019,48.049
656,6/9/2019,48.137
657,6/9/2019,48.227
658,6/9/2019,48.315
659,6/9/2019,48.45
660,6/9/2019,48.538
661,6/9/2019,48.717
662,6/9/2019,48.85
663,6/9/2019,49.028
664,6/9/2019,49.073
665,6/9/2019,49.249
666,6/9/2019,49.383
667,6/9/2019,49.604
668,6/9/2019,49.782
669,6/9/2019,49.914
670,6/9/2019,49.959
671,6/9/2019,49.87
672,6/9/2019,49.825
673,6/9/2019,49.914
674,6/9/2019,49.959
675,6/9/2019,49.959
676,6/9/2019,49.782
677,6/9/2019,49.87
678,6/9/2019,49.825
679,6/9/2019,49.737
680,6/9/2019,49.692
681,6/9/2019,49.604
682,6/9/2019,49.516
683,6/9/2019,49.338
684,6/9/2019,49.161
685,6/9/2019,49.028
686,6/9/2019,48.895
687,6/10/2019,48.762
688,6/10/2019,48.628
689,6/10/2019,48.45
690,6/10/2019,48.36
691,6/10/2019,48.315
692,6/10/2019,48.227
693,6/10/2019,48.137
694,6/10/2019,48.094
695,6/10/2019,48.049
696,6/10/2019,48.049
697,6/10/2019,48.094
698,6/10/2019,48.094
699,6/10/2019,48.094
700,6/10/2019,48.094
701,6/10/2019,48.182
702,6/10/2019,48.227
703,6/10/2019,48.315
704,6/10/2019,48.45
705,6/10/2019,48.628
706,6/10/2019,48.805
707,6/10/2019,48.983
708,6/10/2019,49.161
709,6/10/2019,49.338
710,6/10/2019,49.561
711,6/10/2019,49.737
712,6/10/2019,49.914
713,6/10/2019,50.135
714,6/10/2019,50.356
715,6/10/2019,50.488
716,6/10/2019,50.664
717,6/10/2019,50.752
718,6/10/2019,50.752
719,6/10/2019,50.752
720,6/10/2019,50.709
721,6/10/2019,50.576
722,6/10/2019,50.576
723,6/10/2019,50.4
724,6/10/2019,50.311
725,6/10/2019,50.268
726,6/10/2019,50.135
727,6/10/2019,49.959
728,6/10/2019,49.914
729,6/10/2019,49.87
730,6/10/2019,49.692
731,6/10/2019,49.561
732,6/10/2019,49.471
733,6/10/2019,49.383
734,6/10/2019,49.338
735,6/11/2019,49.249
736,6/11/2019,49.161
737,6/11/2019,49.028
738,6/11/2019,48.938
739,6/11/2019,48.895
740,6/11/2019,48.805
741,6/11/2019,48.762
742,6/11/2019,48.717
743,6/11/2019,48.672
744,6/11/2019,48.672
745,6/11/2019,48.628
746,6/11/2019,48.672
747,6/11/2019,48.717
748,6/11/2019,48.717
749,6/11/2019,48.762
750,6/11/2019,48.805
751,6/11/2019,48.805
752,6/11/2019,48.85
753,6/11/2019,48.895
754,6/11/2019,48.983
755,6/11/2019,49.073
756,6/11/2019,49.116
757,6/11/2019,49.161
758,6/11/2019,49.204
759,6/11/2019,49.204
760,6/11/2019,49.204
761,6/11/2019,49.249
762,6/11/2019,49.338
763,6/11/2019,49.338
764,6/11/2019,49.383
765,6/11/2019,49.383
766,6/11/2019,49.428
767,6/11/2019,49.428
768,6/11/2019,49.471
769,6/11/2019,49.471
770,6/11/2019,49.471
771,6/11/2019,49.471
772,6/11/2019,49.428
773,6/11/2019,49.428
774,6/11/2019,49.383
775,6/11/2019,49.338
776,6/11/2019,49.338
777,6/11/2019,49.294
778,6/11/2019,49.204
779,6/11/2019,49.161
780,6/11/2019,49.116
781,6/11/2019,49.028
782,6/11/2019,48.983
783,6/12/2019,48.895
784,6/12/2019,48.805
785,6/12/2019,48.717
786,6/12/2019,48.672
787,6/12/2019,48.583
788,6/12/2019,48.538
789,6/12/2019,48.45
790,6/12/2019,48.405
791,6/12/2019,48.36
792,6/12/2019,48.315
793,6/12/2019,48.272
794,6/12/2019,48.272
795,6/12/2019,48.227
796,6/12/2019,48.182
797,6/12/2019,48.182
798,6/12/2019,48.182
799,6/12/2019,48.182
800,6/12/2019,48.227
801,6/12/2019,48.315
802,6/12/2019,48.36
803,6/12/2019,48.493
804,6/12/2019,48.762
805,6/12/2019,48.85
806,6/12/2019,49.116
807,6/12/2019,49.294
808,6/12/2019,49.561
809,6/12/2019,49.825
810,6/12/2019,50.002
811,6/12/2019,50.092
812,6/12/2019,50.135
813,6/12/2019,50.268
814,6/12/2019,50.4
815,6/12/2019,50.356
816,6/12/2019,50.092
817,6/12/2019,50.047
818,6/12/2019,50.002
819,6/12/2019,49.914
820,6/12/2019,49.87
821,6/12/2019,49.692
822,6/12/2019,49.649
823,6/12/2019,49.561
824,6/12/2019,49.516
825,6/12/2019,49.428
826,6/12/2019,49.428
827,6/12/2019,49.338
828,6/12/2019,49.204
829,6/12/2019,49.073
830,6/12/2019,48.983
831,6/13/2019,48.805
832,6/13/2019,48.628
833,6/13/2019,48.628
834,6/13/2019,48.583
835,6/13/2019,48.493
836,6/13/2019,48.405
837,6/13/2019,48.315
838,6/13/2019,48.272
839,6/13/2019,48.272
840,6/13/2019,48.272
841,6/13/2019,48.272
842,6/13/2019,48.272
843,6/13/2019,48.315
844,6/13/2019,48.36
845,6/13/2019,48.36
846,6/13/2019,48.405
847,6/13/2019,48.493
848,6/13/2019,48.493
849,6/13/2019,48.583
850,6/13/2019,48.672
851,6/13/2019,48.717
852,6/13/2019,48.805
853,6/13/2019,48.938
854,6/13/2019,49.028
855,6/13/2019,49.116
856,6/13/2019,49.204
857,6/13/2019,49.338
858,6/13/2019,49.338
859,6/13/2019,49.338
860,6/13/2019,49.428
861,6/13/2019,49.471
862,6/13/2019,49.561
863,6/13/2019,49.604
864,6/13/2019,49.561
865,6/13/2019,49.604
866,6/13/2019,49.604
867,6/13/2019,49.561
868,6/13/2019,49.561
869,6/13/2019,49.471
870,6/13/2019,49.471
871,6/13/2019,49.338
872,6/13/2019,49.249
873,6/13/2019,49.249
874,6/13/2019,49.161
875,6/13/2019,49.073
876,6/13/2019,49.028
877,6/13/2019,48.983
878,6/13/2019,48.895
879,6/14/2019,48.85
880,6/14/2019,48.805
881,6/14/2019,48.762
882,6/14/2019,48.762
883,6/14/2019,48.717
884,6/14/2019,48.672
885,6/14/2019,48.717
886,6/14/2019,48.717
887,6/14/2019,48.717
888,6/14/2019,48.717
889,6/14/2019,48.762
890,6/14/2019,48.805
891,6/14/2019,48.805
892,6/14/2019,48.805
893,6/14/2019,48.805
894,6/14/2019,48.85
895,6/14/2019,48.895
896,6/14/2019,48.983
897,6/14/2019,49.073
898,6/14/2019,49.249
899,6/14/2019,49.383
900,6/14/2019,49.516
901,6/14/2019,49.604
902,6/14/2019,49.692
903,6/14/2019,49.692
904,6/14/2019,49.692
905,6/14/2019,49.737
906,6/14/2019,49.737
907,6/14/2019,49.825
908,6/14/2019,49.825
909,6/14/2019,49.87
910,6/14/2019,49.914
911,6/14/2019,49.959
912,6/14/2019,49.959
913,6/14/2019,50.047
914,6/14/2019,50.047
915,6/14/2019,50.047
916,6/14/2019,50.002
917,6/14/2019,49.959
918,6/14/2019,49.87
919,6/14/2019,49.87
920,6/14/2019,49.782
921,6/14/2019,49.737
922,6/14/2019,49.692
923,6/14/2019,49.604
924,6/14/2019,49.561
925,6/14/2019,49.516
926,6/14/2019,49.428
927,6/15/2019,49.383
928,6/15/2019,49.338
929,6/15/2019,49.294
930,6/15/2019,49.249
931,6/15/2019,49.204
932,6/15/2019,49.161
933,6/15/2019,49.116
934,6/15/2019,49.116
935,6/15/2019,49.073
936,6/15/2019,49.073
937,6/15/2019,49.028
938,6/15/2019,49.028
939,6/15/2019,49.028
940,6/15/2019,48.983
941,6/15/2019,48.983
942,6/15/2019,48.938
943,6/15/2019,48.938
944,6/15/2019,48.938
945,6/15/2019,48.938
946,6/15/2019,48.938
947,6/15/2019,48.983
948,6/15/2019,49.028
949,6/15/2019,49.028
950,6/15/2019,49.073
951,6/15/2019,49.116
952,6/15/2019,49.161
953,6/15/2019,49.204
954,6/15/2019,49.249
955,6/15/2019,49.338
956,6/15/2019,49.338
957,6/15/2019,49.383
958,6/15/2019,49.428
959,6/15/2019,49.428
960,6/15/2019,49.428
961,6/15/2019,49.471
962,6/15/2019,49.471
963,6/15/2019,49.471
964,6/15/2019,49.471
965,6/15/2019,49.383
966,6/15/2019,49.338
967,6/15/2019,49.338
968,6/15/2019,49.338
969,6/15/2019,49.204
970,6/15/2019,49.116
971,6/15/2019,49.028
972,6/15/2019,48.983
973,6/15/2019,48.895
974,6/15/2019,48.805
975,6/16/2019,48.717
976,6/16/2019,48.672
977,6/16/2019,48.628
978,6/16/2019,48.583
979,6/16/2019,48.493
980,6/16/2019,48.45
981,6/16/2019,48.405
982,6/16/2019,48.36
983,6/16/2019,48.36
984,6/16/2019,48.315
985,6/16/2019,48.272
986,6/16/2019,48.227
987,6/16/2019,48.182
988,6/16/2019,48.182
989,6/16/2019,48.182
990,6/16/2019,48.182
991,6/16/2019,48.182
992,6/16/2019,48.182
993,6/16/2019,48.272
994,6/16/2019,48.272
995,6/16/2019,48.36
996,6/16/2019,48.405
997,6/16/2019,48.45
998,6/16/2019,48.538
999,6/16/2019,48.628
1000,6/16/2019,48.672
1001,6/16/2019,48.717
1002,6/16/2019,48.762
1003,6/16/2019,48.762
1004,6/16/2019,48.762
1005,6/16/2019,48.805
1006,6/16/2019,48.805
1007,6/16/2019,48.762
1008,6/16/2019,48.805
1009,6/16/2019,48.805
1010,6/16/2019,48.805
1011,6/16/2019,48.805
1012,6/16/2019,48.805
1013,6/16/2019,48.805
1014,6/16/2019,48.85
1015,6/16/2019,48.805
1016,6/16/2019,48.717
1017,6/16/2019,48.672
1018,6/16/2019,48.583
1019,6/16/2019,48.45
1020,6/16/2019,48.36
1021,6/16/2019,48.315
1022,6/16/2019,48.182
1023,6/17/2019,48.094
1024,6/17/2019,48.049
1025,6/17/2019,47.959
1026,6/17/2019,47.871
1027,6/17/2019,47.826
1028,6/17/2019,47.781
1029,6/17/2019,47.736
1030,6/17/2019,47.647
1031,6/17/2019,47.647
1032,6/17/2019,47.602
1033,6/17/2019,47.602
1034,6/17/2019,47.602
1035,6/17/2019,47.557
1036,6/17/2019,47.557
1037,6/17/2019,47.557
1038,6/17/2019,47.557
1039,6/17/2019,47.602
1040,6/17/2019,47.602
1041,6/17/2019,47.647
1042,6/17/2019,47.736
1043,6/17/2019,47.781
1044,6/17/2019,47.826
1045,6/17/2019,47.871
1046,6/17/2019,47.914
1047,6/17/2019,47.914
1048,6/17/2019,48.004
1049,6/17/2019,48.094
1050,6/17/2019,48.137
1051,6/17/2019,48.182
1052,6/17/2019,48.272
1053,6/17/2019,48.272
1054,6/17/2019,48.315
1055,6/17/2019,48.36
1056,6/17/2019,49.87
1057,6/17/2019,48.493
1058,6/17/2019,48.405
1059,6/17/2019,48.36
1060,6/17/2019,48.315
1061,6/17/2019,48.315
1062,6/17/2019,48.272
1063,6/17/2019,48.272
1064,6/17/2019,48.272
1065,6/17/2019,48.182
1066,6/17/2019,48.094
1067,6/17/2019,48.004
1068,6/17/2019,47.959
1069,6/17/2019,47.914
1070,6/17/2019,47.871
1071,6/18/2019,47.781
1072,6/18/2019,47.736
1073,6/18/2019,47.647
1074,6/18/2019,47.557
1075,6/18/2019,47.557
1076,6/18/2019,47.422
1077,6/18/2019,47.377
1078,6/18/2019,47.377
1079,6/18/2019,47.334
1080,6/18/2019,47.289
1081,6/18/2019,47.289
1082,6/18/2019,47.289
1083,6/18/2019,47.289
1084,6/18/2019,47.289
1085,6/18/2019,47.289
1086,6/18/2019,47.289
1087,6/18/2019,47.377
1088,6/18/2019,47.422
1089,6/18/2019,47.467
1090,6/18/2019,47.602
1091,6/18/2019,47.691
1092,6/18/2019,47.826
1093,6/18/2019,48.004
1094,6/18/2019,48.182
1095,6/18/2019,48.315
1096,6/18/2019,48.45
1097,6/18/2019,48.583
1098,6/18/2019,48.672
1099,6/18/2019,48.762
1100,6/18/2019,48.85
1101,6/18/2019,48.895
1102,6/18/2019,48.938
1103,6/18/2019,49.028
1104,6/18/2019,49.028
1105,6/18/2019,48.983
1106,6/18/2019,49.028
1107,6/18/2019,48.938
1108,6/18/2019,48.895
1109,6/18/2019,48.762
1110,6/18/2019,48.672
1111,6/18/2019,48.583
1112,6/18/2019,48.583
1113,6/18/2019,48.405
1114,6/18/2019,48.315
1115,6/18/2019,48.182
1116,6/18/2019,48.094
1117,6/18/2019,48.004
1118,6/18/2019,47.826
1119,6/19/2019,47.736
1120,6/19/2019,47.647
1121,6/19/2019,47.557
1122,6/19/2019,47.512
1123,6/19/2019,47.467
1124,6/19/2019,47.377
1125,6/19/2019,47.334
1126,6/19/2019,47.289
1127,6/19/2019,47.244
1128,6/19/2019,47.244
1129,6/19/2019,47.199
1130,6/19/2019,47.199
1131,6/19/2019,47.199
1132,6/19/2019,47.199
1133,6/19/2019,47.244
1134,6/19/2019,47.289
1135,6/19/2019,47.289
1136,6/19/2019,47.377
1137,6/19/2019,47.422
1138,6/19/2019,47.512
1139,6/19/2019,47.691
1140,6/19/2019,47.826
1141,6/19/2019,48.049
1142,6/19/2019,48.182
1143,6/19/2019,48.405
1144,6/19/2019,48.628
1145,6/19/2019,48.805
1146,6/19/2019,49.116
1147,6/19/2019,49.028
1148,6/19/2019,49.204
1149,6/19/2019,49.161
1150,6/19/2019,49.294
1151,6/19/2019,49.249
1152,6/19/2019,49.204
1153,6/19/2019,49.249
1154,6/19/2019,49.204
1155,6/19/2019,49.073
1156,6/19/2019,48.983
1157,6/19/2019,48.895
1158,6/19/2019,48.805
1159,6/19/2019,48.717
1160,6/19/2019,48.672
1161,6/19/2019,48.583
1162,6/19/2019,48.538
1163,6/19/2019,48.493
1164,6/19/2019,48.315
1165,6/19/2019,48.272
1166,6/19/2019,48.094
1167,6/20/2019,47.959
1168,6/20/2019,47.914
1169,6/20/2019,47.914
1170,6/20/2019,47.871
1171,6/20/2019,47.871
1172,6/20/2019,47.826
1173,6/20/2019,47.826
1174,6/20/2019,47.826
1175,6/20/2019,47.826
1176,6/20/2019,47.871
1177,6/20/2019,47.871
1178,6/20/2019,47.914
1179,6/20/2019,47.914
1180,6/20/2019,47.959
1181,6/20/2019,47.959
1182,6/20/2019,48.004
1183,6/20/2019,48.049
1184,6/20/2019,48.094
1185,6/20/2019,48.137
1186,6/20/2019,48.182
1187,6/20/2019,48.272
1188,6/20/2019,48.315
1189,6/20/2019,48.405
1190,6/20/2019,48.493
1191,6/20/2019,48.628
1192,6/20/2019,48.717
1193,6/20/2019,48.85
1194,6/20/2019,48.938
1195,6/20/2019,48.895
1196,6/20/2019,48.85
1197,6/20/2019,48.938
1198,6/20/2019,48.983
1199,6/20/2019,49.073
1200,6/20/2019,49.204
1201,6/20/2019,49.338
1202,6/20/2019,49.428
1203,6/20/2019,49.471
1204,6/20/2019,49.471
1205,6/20/2019,49.428
1206,6/20/2019,49.383
1207,6/20/2019,49.383
1208,6/20/2019,49.338
1209,6/20/2019,49.249
1210,6/20/2019,49.161
1211,6/20/2019,49.073
1212,6/20/2019,49.028
1213,6/20/2019,48.938
1214,6/20/2019,48.895
1215,6/21/2019,48.805
1216,6/21/2019,48.805
1217,6/21/2019,48.717
1218,6/21/2019,48.672
1219,6/21/2019,48.628
1220,6/21/2019,48.583
1221,6/21/2019,48.538
1222,6/21/2019,48.45
1223,6/21/2019,48.45
1224,6/21/2019,48.493
1225,6/21/2019,48.493
1226,6/21/2019,48.45
1227,6/21/2019,48.45
1228,6/21/2019,48.45
1229,6/21/2019,48.493
1230,6/21/2019,48.538
1231,6/21/2019,48.583
1232,6/21/2019,48.672
1233,6/21/2019,48.762
1234,6/21/2019,48.85
1235,6/21/2019,49.028
1236,6/21/2019,49.249
1237,6/21/2019,49.471
1238,6/21/2019,49.692
1239,6/21/2019,49.959
1240,6/21/2019,50.223
1241,6/21/2019,50.445
1242,6/21/2019,50.621
1243,6/21/2019,50.841
1244,6/21/2019,50.929
1245,6/21/2019,51.017
1246,6/21/2019,50.974
1247,6/21/2019,51.017
1248,6/21/2019,51.105
1249,6/21/2019,51.193
1250,6/21/2019,51.105
1251,6/21/2019,51.105
1252,6/21/2019,51.017
1253,6/21/2019,51.017
1254,6/21/2019,50.929
1255,6/21/2019,50.929
1256,6/21/2019,50.841
1257,6/21/2019,50.797
1258,6/21/2019,50.664
1259,6/21/2019,50.621
1260,6/21/2019,50.445
1261,6/21/2019,50.268
1262,6/21/2019,50.135
1263,6/22/2019,50.002
1264,6/22/2019,49.87
1265,6/22/2019,49.692
1266,6/22/2019,49.692
1267,6/22/2019,49.604
1268,6/22/2019,49.604
1269,6/22/2019,49.604
1270,6/22/2019,49.604
1271,6/22/2019,49.649
1272,6/22/2019,49.649
1273,6/22/2019,49.692
1274,6/22/2019,49.692
1275,6/22/2019,49.692
1276,6/22/2019,49.737
1277,6/22/2019,49.782
1278,6/22/2019,49.825
1279,6/22/2019,49.87
1280,6/22/2019,49.914
1281,6/22/2019,50.047
1282,6/22/2019,50.092
1283,6/22/2019,50.223
1284,6/22/2019,50.311
1285,6/22/2019,50.445
1286,6/22/2019,50.488
1287,6/22/2019,50.533
1288,6/22/2019,50.576
1289,6/22/2019,50.621
1290,6/22/2019,50.621
1291,6/22/2019,50.621
1292,6/22/2019,50.621
1293,6/22/2019,50.621
1294,6/22/2019,50.664
1295,6/22/2019,50.752
1296,6/22/2019,50.752
1297,6/22/2019,50.709
1298,6/22/2019,50.752
1299,6/22/2019,50.752
1300,6/22/2019,50.797
1301,6/22/2019,50.752
1302,6/22/2019,50.752
1303,6/22/2019,50.752
1304,6/22/2019,50.664
1305,6/22/2019,50.621
1306,6/22/2019,50.576
1307,6/22/2019,50.533
1308,6/22/2019,50.488
1309,6/22/2019,50.445
1310,6/22/2019,50.4
1311,6/23/2019,50.311
1312,6/23/2019,50.18
1313,6/23/2019,50.092
1314,6/23/2019,50.047
1315,6/23/2019,49.959
1316,6/23/2019,49.914
1317,6/23/2019,49.87
1318,6/23/2019,49.825
1319,6/23/2019,49.825
1320,6/23/2019,49.825
1321,6/23/2019,49.782
1322,6/23/2019,49.737
1323,6/23/2019,49.737
1324,6/23/2019,49.737
1325,6/23/2019,49.737
1326,6/23/2019,49.737
1327,6/23/2019,49.782
1328,6/23/2019,49.825
1329,6/23/2019,49.914
1330,6/23/2019,50.047
1331,6/23/2019,50.135
1332,6/23/2019,50.268
1333,6/23/2019,50.4
1334,6/23/2019,50.533
1335,6/23/2019,50.621
1336,6/23/2019,50.752
1337,6/23/2019,50.797
1338,6/23/2019,50.886
1339,6/23/2019,50.929
1340,6/23/2019,50.929
1341,6/23/2019,50.974
1342,6/23/2019,51.017
1343,6/23/2019,51.017
1344,6/23/2019,51.062
1345,6/23/2019,51.062
1346,6/23/2019,51.105
1347,6/23/2019,51.017
1348,6/23/2019,51.017
1349,6/23/2019,51.017
1350,6/23/2019,50.886
1351,6/23/2019,50.797
1352,6/23/2019,50.752
1353,6/23/2019,50.621
1354,6/23/2019,50.621
1355,6/23/2019,50.488
1356,6/23/2019,50.356
1357,6/23/2019,50.268
1358,6/23/2019,50.135
1359,6/24/2019,50.092
1360,6/24/2019,50.047
1361,6/24/2019,49.959
1362,6/24/2019,49.87
1363,6/24/2019,49.825
1364,6/24/2019,49.825
1365,6/24/2019,49.825
1366,6/24/2019,49.825
1367,6/24/2019,49.87
1368,6/24/2019,49.914
1369,6/24/2019,49.959
1370,6/24/2019,49.959
1371,6/24/2019,50.002
1372,6/24/2019,50.002
1373,6/24/2019,50.047
1374,6/24/2019,50.092
1375,6/24/2019,50.092
1376,6/24/2019,50.135
1377,6/24/2019,50.223
1378,6/24/2019,50.268
1379,6/24/2019,50.4
1380,6/24/2019,50.488
1381,6/24/2019,50.533
1382,6/24/2019,50.621
1383,6/24/2019,50.664
1384,6/24/2019,50.841
1385,6/24/2019,50.886
1386,6/24/2019,50.886
1387,6/24/2019,50.841
1388,6/24/2019,50.797
1389,6/24/2019,50.752
1390,6/24/2019,50.709
1391,6/24/2019,50.752
1392,6/24/2019,50.752
1393,6/24/2019,50.752
1394,6/24/2019,50.797
1395,6/24/2019,50.841
1396,6/24/2019,50.886
1397,6/24/2019,50.841
1398,6/24/2019,50.797
1399,6/24/2019,50.752
1400,6/24/2019,50.709
1401,6/24/2019,50.664
1402,6/24/2019,50.576
1403,6/24/2019,50.533
1404,6/24/2019,50.488
1405,6/24/2019,50.4
1406,6/24/2019,50.4
1407,6/25/2019,50.311
1408,6/25/2019,50.268
1409,6/25/2019,50.223
1410,6/25/2019,50.223
1411,6/25/2019,50.18
1412,6/25/2019,50.135
1413,6/25/2019,50.092
1414,6/25/2019,50.047
1415,6/25/2019,50.047
1416,6/25/2019,50.047
1417,6/25/2019,50.047
1418,6/25/2019,50.047
1419,6/25/2019,50.047
1420,6/25/2019,50.135
1421,6/25/2019,50.135
1422,6/25/2019,50.18
1423,6/25/2019,50.223
1424,6/25/2019,50.268
1425,6/25/2019,50.356
1426,6/25/2019,50.445
1427,6/25/2019,50.533
1428,6/25/2019,50.621
1429,6/25/2019,50.709
1430,6/25/2019,50.797
1431,6/25/2019,50.886
1432,6/25/2019,51.017
1433,6/25/2019,51.105
1434,6/25/2019,51.237
1435,6/25/2019,51.325
1436,6/25/2019,51.37
1437,6/25/2019,51.413
1438,6/25/2019,51.413
1439,6/25/2019,51.37
1440,6/25/2019,51.325
1441,6/25/2019,51.325
1442,6/25/2019,51.325
1443,6/25/2019,51.325
1444,6/25/2019,51.282
1445,6/25/2019,51.325
1446,6/25/2019,51.282
1447,6/25/2019,51.237
1448,6/25/2019,51.237
1449,6/25/2019,51.193
1450,6/25/2019,51.148
1451,6/25/2019,51.062
1452,6/25/2019,50.974
1453,6/25/2019,50.886
1454,6/25/2019,50.886
1455,6/26/2019,50.797
1456,6/26/2019,50.709
1457,6/26/2019,50.621
1458,6/26/2019,50.576
1459,6/26/2019,50.488
1460,6/26/2019,50.4
1461,6/26/2019,50.311
1462,6/26/2019,50.311
1463,6/26/2019,50.223
1464,6/26/2019,50.18
1465,6/26/2019,50.135
1466,6/26/2019,50.135
1467,6/26/2019,50.135
1468,6/26/2019,50.092
1469,6/26/2019,50.047
1470,6/26/2019,50.092
1471,6/26/2019,50.135
1472,6/26/2019,50.18
1473,6/26/2019,50.268
1474,6/26/2019,50.4
1475,6/26/2019,50.488
1476,6/26/2019,50.621
1477,6/26/2019,50.797
1478,6/26/2019,50.974
1479,6/26/2019,51.148
1480,6/26/2019,51.325
1481,6/26/2019,51.544
1482,6/26/2019,51.721
1483,6/26/2019,51.895
1484,6/26/2019,52.029
1485,6/26/2019,52.16
1486,6/26/2019,52.246
1487,6/26/2019,52.291
1488,6/26/2019,52.246
1489,6/26/2019,52.246
1490,6/26/2019,52.335
1491,6/26/2019,52.378
1492,6/26/2019,52.423
1493,6/26/2019,52.335
1494,6/26/2019,52.16
1495,6/26/2019,52.16
1496,6/26/2019,52.029
1497,6/26/2019,51.895
1498,6/26/2019,51.764
1499,6/26/2019,51.721
1500,6/26/2019,51.544
1501,6/26/2019,51.325
1502,6/26/2019,51.193
1503,6/27/2019,51.105
1504,6/27/2019,50.974
1505,6/27/2019,50.841
1506,6/27/2019,50.797
1507,6/27/2019,50.709
1508,6/27/2019,50.621
1509,6/27/2019,50.576
1510,6/27/2019,50.445
1511,6/27/2019,50.445
1512,6/27/2019,50.356
1513,6/27/2019,50.356
1514,6/27/2019,50.356
1515,6/27/2019,50.4
1516,6/27/2019,50.4
1517,6/27/2019,50.445
1518,6/27/2019,50.488
1519,6/27/2019,50.621
1520,6/27/2019,50.752
1521,6/27/2019,50.886
1522,6/27/2019,51.062
1523,6/27/2019,51.282
1524,6/27/2019,51.458
1525,6/27/2019,51.633
1526,6/27/2019,51.809
1527,6/27/2019,51.94
1528,6/27/2019,52.072
1529,6/27/2019,52.115
1530,6/27/2019,52.246
1531,6/27/2019,52.378
1532,6/27/2019,52.466
1533,6/27/2019,52.466
1534,6/27/2019,52.597
1535,6/27/2019,52.641
1536,6/27/2019,52.641
1537,6/27/2019,52.597
1538,6/27/2019,52.554
1539,6/27/2019,52.554
1540,6/27/2019,52.466
1541,6/27/2019,52.335
1542,6/27/2019,52.16
1543,6/27/2019,52.029
1544,6/27/2019,51.852
1545,6/27/2019,51.589
1546,6/27/2019,51.413
1547,6/27/2019,51.193
1548,6/27/2019,51.017
1549,6/27/2019,50.929
1550,6/27/2019,50.841
1551,6/28/2019,50.752
1552,6/28/2019,50.752
1553,6/28/2019,50.664
1554,6/28/2019,50.533
1555,6/28/2019,50.445
1556,6/28/2019,50.356
1557,6/28/2019,50.268
1558,6/28/2019,50.223
1559,6/28/2019,50.223
1560,6/28/2019,50.135
1561,6/28/2019,50.092
1562,6/28/2019,50.092
1563,6/28/2019,50.092
1564,6/28/2019,50.135
1565,6/28/2019,50.135
1566,6/28/2019,50.223
1567,6/28/2019,50.311
1568,6/28/2019,50.4
1569,6/28/2019,50.576
1570,6/28/2019,50.709
1571,6/28/2019,50.841
1572,6/28/2019,50.929
1573,6/28/2019,51.105
1574,6/28/2019,51.237
1575,6/28/2019,51.282
1576,6/28/2019,51.458
1577,6/28/2019,51.589
1578,6/28/2019,51.678
1579,6/28/2019,51.721
1580,6/28/2019,51.764
1581,6/28/2019,51.94
1582,6/28/2019,51.852
1583,6/28/2019,51.852
1584,6/28/2019,51.809
1585,6/28/2019,51.764
1586,6/28/2019,51.721
1587,6/28/2019,51.809
1588,6/28/2019,51.809
1589,6/28/2019,51.678
1590,6/28/2019,51.589
1591,6/28/2019,51.413
1592,6/28/2019,51.282
1593,6/28/2019,51.105
1594,6/28/2019,50.974
1595,6/28/2019,50.929
1596,6/28/2019,50.797
1597,6/28/2019,50.664
1598,6/28/2019,50.533
1599,6/29/2019,50.488
1600,6/29/2019,50.445
1601,6/29/2019,50.4
1602,6/29/2019,50.311
1603,6/29/2019,50.268
1604,6/29/2019,50.135
1605,6/29/2019,50.047
1606,6/29/2019,49.914
1607,6/29/2019,49.914
1608,6/29/2019,49.87
1609,6/29/2019,49.914
1610,6/29/2019,49.87
1611,6/29/2019,49.914
1612,6/29/2019,49.87
1613,6/29/2019,49.914
1614,6/29/2019,49.959
1615,6/29/2019,50.002
1616,6/29/2019,50.092
1617,6/29/2019,50.18
1618,6/29/2019,50.311
1619,6/29/2019,50.488
1620,6/29/2019,50.664
1621,6/29/2019,50.841
1622,6/29/2019,50.929
1623,6/29/2019,51.017
1624,6/29/2019,51.148
1625,6/29/2019,51.325
1626,6/29/2019,51.37
1627,6/29/2019,51.458
1628,6/29/2019,51.633
1629,6/29/2019,51.678
1630,6/29/2019,51.809
1631,6/29/2019,51.764
1632,6/29/2019,51.852
1633,6/29/2019,51.852
1634,6/29/2019,51.764
1635,6/29/2019,51.721
1636,6/29/2019,51.589
1637,6/29/2019,51.501
1638,6/29/2019,51.413
1639,6/29/2019,51.237
1640,6/29/2019,51.062
1641,6/29/2019,50.929
1642,6/29/2019,50.797
1643,6/29/2019,50.709
1644,6/29/2019,50.664
1645,6/29/2019,50.576
1646,6/29/2019,50.533
1647,6/30/2019,50.4
1648,6/30/2019,50.311
1649,6/30/2019,50.268
1650,6/30/2019,50.268
1651,6/30/2019,50.223
1652,6/30/2019,50.135
1653,6/30/2019,50.135
1654,6/30/2019,50.135
1655,6/30/2019,50.092
1656,6/30/2019,50.047
1657,6/30/2019,50.047
1658,6/30/2019,50.135
1659,6/30/2019,50.047
1660,6/30/2019,50.092
1661,6/30/2019,50.135
1662,6/30/2019,50.223
1663,6/30/2019,50.311
1664,6/30/2019,50.445
1665,6/30/2019,50.576
1666,6/30/2019,50.709
1667,6/30/2019,50.886
1668,6/30/2019,51.105
1669,6/30/2019,51.237
1670,6/30/2019,51.325
1671,6/30/2019,51.413
1672,6/30/2019,51.413
1673,6/30/2019,51.501
1674,6/30/2019,51.678
1675,6/30/2019,51.764
1676,6/30/2019,51.852
1677,6/30/2019,51.852
1678,6/30/2019,51.895
1679,6/30/2019,51.809
1680,6/30/2019,51.852
1681,6/30/2019,51.809
1682,6/30/2019,51.809
1683,6/30/2019,51.764
1684,6/30/2019,51.764
1685,6/30/2019,51.678
1686,6/30/2019,51.633
1687,6/30/2019,51.501
1688,6/30/2019,51.413
1689,6/30/2019,51.282
1690,6/30/2019,51.193
1691,6/30/2019,51.062
1692,6/30/2019,50.929
1693,6/30/2019,50.886
1694,6/30/2019,50.752
1695,7/1/2019,50.664
1696,7/1/2019,50.533
1697,7/1/2019,50.533
1698,7/1/2019,50.445
1699,7/1/2019,50.488
1700,7/1/2019,50.445
1701,7/1/2019,50.445
1702,7/1/2019,50.488
1703,7/1/2019,50.488
1704,7/1/2019,50.488
1705,7/1/2019,50.445
1706,7/1/2019,50.445
1707,7/1/2019,50.488
1708,7/1/2019,50.533
1709,7/1/2019,50.576
1710,7/1/2019,50.664
1711,7/1/2019,50.752
1712,7/1/2019,50.886
1713,7/1/2019,50.974
1714,7/1/2019,51.062
1715,7/1/2019,51.148
1716,7/1/2019,51.282
1717,7/1/2019,51.37
1718,7/1/2019,51.413
1719,7/1/2019,51.458
1720,7/1/2019,51.633
1721,7/1/2019,51.721
1722,7/1/2019,51.633
1723,7/1/2019,51.678
1724,7/1/2019,51.678
1725,7/1/2019,51.721
1726,7/1/2019,51.764
1727,7/1/2019,51.764
1728,7/1/2019,51.809
1729,7/1/2019,51.721
1730,7/1/2019,51.678
1731,7/1/2019,51.678
1732,7/1/2019,51.544
1733,7/1/2019,51.501
1734,7/1/2019,51.458
1735,7/1/2019,51.282
1736,7/1/2019,51.193
1737,7/1/2019,51.105
1738,7/1/2019,51.062
1739,7/1/2019,50.886
1740,7/1/2019,50.752
1741,7/1/2019,50.621
1742,7/1/2019,50.488
1743,7/2/2019,50.488
1744,7/2/2019,50.445
1745,7/2/2019,50.311
1746,7/2/2019,50.223
1747,7/2/2019,50.223
1748,7/2/2019,50.268
1749,7/2/2019,50.223
1750,7/2/2019,50.18
1751,7/2/2019,50.135
1752,7/2/2019,50.223
1753,7/2/2019,50.223
1754,7/2/2019,50.268
1755,7/2/2019,50.311
1756,7/2/2019,50.356
1757,7/2/2019,50.4
1758,7/2/2019,50.356
1759,7/2/2019,50.311
1760,7/2/2019,50.4
1761,7/2/2019,50.4
1762,7/2/2019,50.4
1763,7/2/2019,50.488
1764,7/2/2019,50.488
1765,7/2/2019,50.576
1766,7/2/2019,50.709
1767,7/2/2019,50.752
1768,7/2/2019,50.797
1769,7/2/2019,50.841
1770,7/2/2019,50.841
1771,7/2/2019,51.017
1772,7/2/2019,51.105
1773,7/2/2019,51.237
1774,7/2/2019,51.325
1775,7/2/2019,51.325
1776,7/2/2019,51.282
1777,7/2/2019,51.37
1778,7/2/2019,51.325
1779,7/2/2019,51.37
1780,7/2/2019,51.413
1781,7/2/2019,51.325
1782,7/2/2019,51.105
1783,7/2/2019,50.929
1784,7/2/2019,50.841
1785,7/2/2019,50.797
1786,7/2/2019,50.797
1787,7/2/2019,50.709
1788,7/2/2019,50.664
1789,7/2/2019,50.576
1790,7/2/2019,50.533
1791,7/3/2019,50.488
1792,7/3/2019,50.445
1793,7/3/2019,50.445
1794,7/3/2019,50.4
1795,7/3/2019,50.445
1796,7/3/2019,50.4
1797,7/3/2019,50.445
1798,7/3/2019,50.4
1799,7/3/2019,50.356
1800,7/3/2019,50.356
1801,7/3/2019,50.356
1802,7/3/2019,50.311
1803,7/3/2019,50.356
1804,7/3/2019,50.445
1805,7/3/2019,50.445
1806,7/3/2019,50.488
1807,7/3/2019,50.576
1808,7/3/2019,50.576
1809,7/3/2019,50.621
1810,7/3/2019,50.664
1811,7/3/2019,50.664
1812,7/3/2019,50.664
1813,7/3/2019,50.664
1814,7/3/2019,50.709
1815,7/3/2019,50.664
1816,7/3/2019,50.709
1817,7/3/2019,50.752
1818,7/3/2019,50.797
1819,7/3/2019,50.841
1820,7/3/2019,50.841
1821,7/3/2019,50.797
1822,7/3/2019,50.797
1823,7/3/2019,50.797
1824,7/3/2019,50.841
1825,7/3/2019,50.709
1826,7/3/2019,50.664
1827,7/3/2019,50.621
1828,7/3/2019,50.445
1829,7/3/2019,50.311
1830,7/3/2019,50.268
1831,7/3/2019,50.268
1832,7/3/2019,50.18
1833,7/3/2019,50.135
1834,7/3/2019,50.135
1835,7/3/2019,50.002
1836,7/3/2019,49.87
1837,7/3/2019,49.825
1838,7/3/2019,49.825
1839,7/4/2019,49.825
1840,7/4/2019,49.825
1841,7/4/2019,49.737
1842,7/4/2019,49.692
1843,7/4/2019,49.692
1844,7/4/2019,49.649
1845,7/4/2019,49.604
1846,7/4/2019,49.604
1847,7/4/2019,49.649
1848,7/4/2019,49.649
1849,7/4/2019,49.604
1850,7/4/2019,49.604
1851,7/4/2019,49.649
1852,7/4/2019,49.604
1853,7/4/2019,49.604
1854,7/4/2019,49.604
1855,7/4/2019,49.604
1856,7/4/2019,49.604
1857,7/4/2019,49.516
1858,7/4/2019,49.428
1859,7/4/2019,49.428
1860,7/4/2019,49.428
1861,7/4/2019,49.561
1862,7/4/2019,49.692
1863,7/4/2019,49.649
1864,7/4/2019,49.692
1865,7/4/2019,49.87
1866,7/4/2019,49.825
1867,7/4/2019,49.782
1868,7/4/2019,49.782
1869,7/4/2019,49.782
1870,7/4/2019,49.737
1871,7/4/2019,49.737
1872,7/4/2019,49.737
1873,7/4/2019,49.604
1874,7/4/2019,49.604
1875,7/4/2019,49.649
1876,7/4/2019,49.516
1877,7/4/2019,49.516
1878,7/4/2019,49.471
1879,7/4/2019,49.428
1880,7/4/2019,49.294
1881,7/4/2019,49.338
1882,7/4/2019,49.294
1883,7/4/2019,49.249
1884,7/4/2019,49.204
1885,7/4/2019,49.204
1886,7/4/2019,49.204
1887,7/5/2019,49.161
1888,7/5/2019,49.116
1889,7/5/2019,49.116
1890,7/5/2019,49.116
1891,7/5/2019,49.161
1892,7/5/2019,49.161
1893,7/5/2019,49.204
1894,7/5/2019,49.204
1895,7/5/2019,49.204
1896,7/5/2019,49.204
1897,7/5/2019,49.249
1898,7/5/2019,49.383
1899,7/5/2019,49.428
1900,7/5/2019,49.516
1901,7/5/2019,49.561
1902,7/5/2019,49.561
1903,7/5/2019,49.604
1904,7/5/2019,49.692
1905,7/5/2019,49.737
1906,7/5/2019,49.782
1907,7/5/2019,49.87
1908,7/5/2019,49.87
1909,7/5/2019,49.782
1910,7/5/2019,49.825
1911,7/5/2019,49.825
1912,7/5/2019,49.825
1913,7/5/2019,49.825
1914,7/5/2019,49.87
1915,7/5/2019,49.825
1916,7/5/2019,49.737
1917,7/5/2019,49.649
1918,7/5/2019,49.692
1919,7/5/2019,49.737
1920,7/5/2019,49.604
1921,7/5/2019,49.737
1922,7/5/2019,49.692
1923,7/5/2019,49.692
1924,7/5/2019,49.516
1925,7/5/2019,49.516
1926,7/5/2019,49.338
1927,7/5/2019,49.249
1928,7/5/2019,49.249
1929,7/5/2019,49.073
1930,7/5/2019,48.938
1931,7/5/2019,48.85
1932,7/5/2019,48.805
1933,7/5/2019,48.85
1934,7/5/2019,48.85
1935,7/6/2019,48.762
1936,7/6/2019,48.717
1937,7/6/2019,48.628
1938,7/6/2019,48.717
1939,7/6/2019,48.762
1940,7/6/2019,48.805
1941,7/6/2019,48.85
1942,7/6/2019,48.85
1943,7/6/2019,48.895
1944,7/6/2019,48.938
1945,7/6/2019,48.983
1946,7/6/2019,49.028
1947,7/6/2019,48.983
1948,7/6/2019,48.983
1949,7/6/2019,48.938
1950,7/6/2019,48.983
1951,7/6/2019,48.983
1952,7/6/2019,48.983
1953,7/6/2019,49.073
1954,7/6/2019,49.116
1955,7/6/2019,49.028
1956,7/6/2019,49.073
1957,7/6/2019,49.073
1958,7/6/2019,48.983
1959,7/6/2019,48.983
1960,7/6/2019,49.028
1961,7/6/2019,49.073
1962,7/6/2019,49.073
1963,7/6/2019,49.073
1964,7/6/2019,49.116
1965,7/6/2019,48.983
1966,7/6/2019,49.028
1967,7/6/2019,48.895
1968,7/6/2019,48.895
1969,7/6/2019,48.805
1970,7/6/2019,48.762
1971,7/6/2019,48.805
1972,7/6/2019,48.805
1973,7/6/2019,48.717
1974,7/6/2019,48.717
1975,7/6/2019,48.672
1976,7/6/2019,48.628
1977,7/6/2019,48.493
1978,7/6/2019,48.36
1979,7/6/2019,48.315
1980,7/6/2019,48.405
1981,7/6/2019,48.405
1982,7/6/2019,48.36
1983,7/7/2019,48.315
1984,7/7/2019,48.272
1985,7/7/2019,48.272
1986,7/7/2019,48.272
1987,7/7/2019,48.272
1988,7/7/2019,48.272
1989,7/7/2019,48.272
1990,7/7/2019,48.272
1991,7/7/2019,48.315
1992,7/7/2019,48.315
1993,7/7/2019,48.45
1994,7/7/2019,48.493
1995,7/7/2019,48.538
1996,7/7/2019,48.583
1997,7/7/2019,48.628
1998,7/7/2019,48.628
1999,7/7/2019,48.538
2000,7/7/2019,48.628
2001,7/7/2019,48.672
2002,7/7/2019,48.762
2003,7/7/2019,48.805
2004,7/7/2019,48.85
2005,7/7/2019,48.85
2006,7/7/2019,48.85
2007,7/7/2019,48.805
2008,7/7/2019,48.762
2009,7/7/2019,48.717
2010,7/7/2019,48.583
2011,7/7/2019,48.538
2012,7/7/2019,48.493
2013,7/7/2019,48.538
2014,7/7/2019,48.493
2015,7/7/2019,48.45
2016,7/7/2019,48.45
2017,7/7/2019,48.45
2018,7/7/2019,48.405
2019,7/7/2019,48.405
2020,7/7/2019,48.36
2021,7/7/2019,48.272
2022,7/7/2019,48.182
2023,7/7/2019,48.137
2024,7/7/2019,48.137
2025,7/7/2019,48.094
2026,7/7/2019,48.004
2027,7/7/2019,47.959
2028,7/7/2019,47.871
2029,7/7/2019,47.826
2030,7/7/2019,47.871
2031,7/8/2019,47.871
2032,7/8/2019,47.826
2033,7/8/2019,47.914
2034,7/8/2019,47.914
2035,7/8/2019,47.914
2036,7/8/2019,47.959
2037,7/8/2019,48.049
2038,7/8/2019,48.137
2039,7/8/2019,48.227
2040,7/8/2019,48.182
2041,7/8/2019,48.182
2042,7/8/2019,48.272
2043,7/8/2019,48.36
2044,7/8/2019,48.45
2045,7/8/2019,48.538
2046,7/8/2019,48.628
2047,7/8/2019,48.672
2048,7/8/2019,48.717
2049,7/8/2019,48.717
2050,7/8/2019,48.762
2051,7/8/2019,48.717
2052,7/8/2019,48.672
2053,7/8/2019,48.672
2054,7/8/2019,48.672
2055,7/8/2019,48.628
2056,7/8/2019,48.583
2057,7/8/2019,48.538
2058,7/8/2019,48.493
2059,7/8/2019,48.45
2060,7/8/2019,48.405
2061,7/8/2019,48.36
2062,7/8/2019,48.405
2063,7/8/2019,48.315
2064,7/8/2019,48.182
2065,7/8/2019,48.094
2066,7/8/2019,48.137
2067,7/8/2019,48.094
2068,7/8/2019,48.004
2069,7/8/2019,47.826
2070,7/8/2019,47.736
2071,7/8/2019,47.691
2072,7/8/2019,47.602
2073,7/8/2019,47.467
2074,7/8/2019,47.377
2075,7/8/2019,47.289
2076,7/8/2019,47.289
2077,7/8/2019,47.377
2078,7/8/2019,47.289
2079,7/9/2019,47.289
2080,7/9/2019,47.244
2081,7/9/2019,47.199
2082,7/9/2019,47.199
2083,7/9/2019,47.199
2084,7/9/2019,47.289
2085,7/9/2019,47.334
2086,7/9/2019,47.377
2087,7/9/2019,47.467
2088,7/9/2019,47.557
2089,7/9/2019,47.557
2090,7/9/2019,47.557
2091,7/9/2019,47.557
2092,7/9/2019,47.602
2093,7/9/2019,47.647
2094,7/9/2019,47.736
2095,7/9/2019,47.736
2096,7/9/2019,47.781
2097,7/9/2019,47.871
2098,7/9/2019,47.871
2099,7/9/2019,47.871
2100,7/9/2019,47.781
2101,7/9/2019,47.736
2102,7/9/2019,47.647
2103,7/9/2019,47.467
2104,7/9/2019,47.334
2105,7/9/2019,47.334
2106,7/9/2019,47.244
2107,7/9/2019,47.199
2108,7/9/2019,47.109
2109,7/9/2019,47.019
2110,7/9/2019,46.931
2111,7/9/2019,46.886
2112,7/9/2019,46.796
2113,7/9/2019,46.706
2114,7/9/2019,46.661
2115,7/9/2019,46.616
2116,7/9/2019,46.571
2117,7/9/2019,46.481
2118,7/9/2019,46.391
2119,7/9/2019,46.346
2120,7/9/2019,46.301
2121,7/9/2019,46.256
2122,7/9/2019,46.166
2123,7/9/2019,46.166
2124,7/9/2019,46.121
2125,7/9/2019,46.166
2126,7/9/2019,46.121
2127,7/10/2019,46.121
2128,7/10/2019,46.166
2129,7/10/2019,46.166
2130,7/10/2019,46.211
2131,7/10/2019,46.166
2132,7/10/2019,46.121
2133,7/10/2019,46.211
2134,7/10/2019,46.346
2135,7/10/2019,46.436
2136,7/10/2019,46.481
2137,7/10/2019,46.481
2138,7/10/2019,46.481
2139,7/10/2019,46.526
2140,7/10/2019,46.526
2141,7/10/2019,46.571
2142,7/10/2019,46.571
2143,7/10/2019,46.616
2144,7/10/2019,46.616
2145,7/10/2019,46.616
2146,7/10/2019,46.751
2147,7/10/2019,46.841
2148,7/10/2019,46.841
2149,7/10/2019,46.841
2150,7/10/2019,46.886
2151,7/10/2019,46.974
2152,7/10/2019,47.019
2153,7/10/2019,47.064
2154,7/10/2019,47.064
2155,7/10/2019,47.019
2156,7/10/2019,46.974
2157,7/10/2019,46.931
2158,7/10/2019,46.974
2159,7/10/2019,47.019
2160,7/10/2019,46.931
2161,7/10/2019,46.841
2162,7/10/2019,46.751
2163,7/10/2019,46.706
2164,7/10/2019,46.616
2165,7/10/2019,46.526
2166,7/10/2019,46.391
2167,7/10/2019,46.346
2168,7/10/2019,46.346
2169,7/10/2019,46.211
2170,7/10/2019,46.121
2171,7/10/2019,46.031
2172,7/10/2019,45.986
2173,7/10/2019,46.031
2174,7/10/2019,45.941
2175,7/11/2019,45.896
2176,7/11/2019,45.896
2177,7/11/2019,45.851
2178,7/11/2019,45.896
2179,7/11/2019,45.941
2180,7/11/2019,45.941
2181,7/11/2019,45.986
2182,7/11/2019,46.031
2183,7/11/2019,46.121
2184,7/11/2019,46.121
2185,7/11/2019,46.076
2186,7/11/2019,46.121
2187,7/11/2019,46.166
2188,7/11/2019,46.301
2189,7/11/2019,46.391
2190,7/11/2019,46.436
2191,7/11/2019,46.436
2192,7/11/2019,46.346
2193,7/11/2019,46.211
2194,7/11/2019,46.346
2195,7/11/2019,46.481
2196,7/11/2019,46.436
2197,7/11/2019,46.481
2198,7/11/2019,46.526
2199,7/11/2019,46.481
2200,7/11/2019,46.481
2201,7/11/2019,46.571
2202,7/11/2019,46.526
2203,7/11/2019,46.526
2204,7/11/2019,46.526
2205,7/11/2019,46.571
2206,7/11/2019,46.571
2207,7/11/2019,46.571
2208,7/11/2019,46.571
2209,7/11/2019,46.526
2210,7/11/2019,46.481
2211,7/11/2019,46.391
2212,7/11/2019,46.346
2213,7/11/2019,46.346
2214,7/11/2019,46.301
2215,7/11/2019,46.256
2216,7/11/2019,46.211
2217,7/11/2019,46.121
2218,7/11/2019,46.076
2219,7/11/2019,46.076
2220,7/11/2019,46.076
2221,7/11/2019,46.031
2222,7/11/2019,46.031
2223,7/12/2019,45.941
2224,7/12/2019,45.896
2225,7/12/2019,45.806
2226,7/12/2019,45.761
2227,7/12/2019,45.761
2228,7/12/2019,45.714
2229,7/12/2019,45.761
2230,7/12/2019,45.714
2231,7/12/2019,45.669
2232,7/12/2019,45.624
2233,7/12/2019,45.579
2234,7/12/2019,45.624
2235,7/12/2019,45.761
2236,7/12/2019,45.851
2237,7/12/2019,45.896
2238,7/12/2019,45.806
2239,7/12/2019,45.761
2240,7/12/2019,45.761
2241,7/12/2019,46.031
2242,7/12/2019,46.076
2243,7/12/2019,46.121
2244,7/12/2019,46.166
2245,7/12/2019,46.121
2246,7/12/2019,46.166
2247,7/12/2019,46.211
2248,7/12/2019,46.256
2249,7/12/2019,46.256
2250,7/12/2019,46.256
2251,7/12/2019,46.211
2252,7/12/2019,46.211
2253,7/12/2019,46.211
2254,7/12/2019,46.256
2255,7/12/2019,46.166
2256,7/12/2019,46.031
2257,7/12/2019,45.941
2258,7/12/2019,45.851
2259,7/12/2019,45.806
2260,7/12/2019,45.761
2261,7/12/2019,45.669
2262,7/12/2019,45.579
2263,7/12/2019,45.489
2264,7/12/2019,45.489
2265,7/12/2019,45.399
2266,7/12/2019,45.354
2267,7/12/2019,45.307
2268,7/12/2019,45.262
2269,7/12/2019,45.217
2270,7/12/2019,45.172
2271,7/13/2019,45.172
2272,7/13/2019,45.127
2273,7/13/2019,45.127
2274,7/13/2019,45.082
2275,7/13/2019,45.082
2276,7/13/2019,45.082
2277,7/13/2019,45.172
2278,7/13/2019,45.217
2279,7/13/2019,45.217
2280,7/13/2019,45.127
2281,7/13/2019,45.082
2282,7/13/2019,45.036
2283,7/13/2019,45.262
2284,7/13/2019,45.354
2285,7/13/2019,45.307
2286,7/13/2019,45.307
2287,7/13/2019,45.354
2288,7/13/2019,45.399
2289,7/13/2019,45.399
2290,7/13/2019,45.307
2291,7/13/2019,45.307
2292,7/13/2019,45.399
2293,7/13/2019,45.489
2294,7/13/2019,45.534
2295,7/13/2019,45.534
2296,7/13/2019,45.579
2297,7/13/2019,45.579
2298,7/13/2019,45.624
2299,7/13/2019,45.669
2300,7/13/2019,45.761
2301,7/13/2019,45.669
2302,7/13/2019,45.624
2303,7/13/2019,45.579
2304,7/13/2019,45.624
2305,7/13/2019,45.624
2306,7/13/2019,45.579
2307,7/13/2019,45.489
2308,7/13/2019,45.354
2309,7/13/2019,45.354
2310,7/13/2019,45.354
2311,7/13/2019,45.399
2312,7/13/2019,45.399
2313,7/13/2019,45.444
2314,7/13/2019,45.444
2315,7/13/2019,45.489
2316,7/13/2019,45.444
2317,7/13/2019,45.399
2318,7/13/2019,45.399
2319,7/14/2019,45.262
2320,7/14/2019,45.262
2321,7/14/2019,45.262
2322,7/14/2019,45.307
2323,7/14/2019,45.307
2324,7/14/2019,45.262
2325,7/14/2019,45.217
2326,7/14/2019,45.217
2327,7/14/2019,45.262
2328,7/14/2019,45.307
2329,7/14/2019,45.307
2330,7/14/2019,45.307
2331,7/14/2019,45.307
2332,7/14/2019,45.307
2333,7/14/2019,45.354
2334,7/14/2019,45.489
2335,7/14/2019,45.579
2336,7/14/2019,45.534
2337,7/14/2019,45.579
2338,7/14/2019,45.579
2339,7/14/2019,45.624
2340,7/14/2019,45.669
2341,7/14/2019,45.714
2342,7/14/2019,45.714
2343,7/14/2019,45.669
2344,7/14/2019,45.669
2345,7/14/2019,45.761
2346,7/14/2019,45.761
2347,7/14/2019,45.761
2348,7/14/2019,45.761
2349,7/14/2019,45.761
2350,7/14/2019,45.806
2351,7/14/2019,45.806
2352,7/14/2019,45.714
2353,7/14/2019,45.761
2354,7/14/2019,45.669
2355,7/14/2019,45.669
2356,7/14/2019,45.624
2357,7/14/2019,45.624
2358,7/14/2019,45.579
2359,7/14/2019,45.579
2360,7/14/2019,45.489
2361,7/14/2019,45.534
2362,7/14/2019,45.489
2363,7/14/2019,45.444
2364,7/14/2019,45.399
2365,7/14/2019,45.354
2366,7/14/2019,45.399
2367,7/15/2019,45.399
2368,7/15/2019,45.399
2369,7/15/2019,45.444
2370,7/15/2019,45.489
2371,7/15/2019,45.444
2372,7/15/2019,45.534
2373,7/15/2019,45.444
2374,7/15/2019,45.399
2375,7/15/2019,45.444
2376,7/15/2019,45.489
2377,7/15/2019,45.534
2378,7/15/2019,45.579
2379,7/15/2019,45.489
2380,7/15/2019,45.624
2381,7/15/2019,45.669
2382,7/15/2019,45.714
2383,7/15/2019,45.761
2384,7/15/2019,45.761
2385,7/15/2019,45.714
2386,7/15/2019,45.806
2387,7/15/2019,45.941
2388,7/15/2019,45.986
2389,7/15/2019,45.986
2390,7/15/2019,45.986
2391,7/15/2019,46.031
2392,7/15/2019,46.121
2393,7/15/2019,46.076
2394,7/15/2019,46.076
2395,7/15/2019,46.121
2396,7/15/2019,46.166
2397,7/15/2019,46.166
2398,7/15/2019,46.211
2399,7/15/2019,46.166
2400,7/15/2019,46.121
2401,7/15/2019,46.121
2402,7/15/2019,46.121
2403,7/15/2019,46.166
2404,7/15/2019,46.166
2405,7/15/2019,46.166
2406,7/15/2019,45.941
2407,7/15/2019,45.851
2408,7/15/2019,45.851
2409,7/15/2019,45.806
2410,7/15/2019,45.806
2411,7/15/2019,45.851
2412,7/15/2019,45.851
2413,7/15/2019,45.806
2414,7/15/2019,45.669
2415,7/16/2019,45.624
2416,7/16/2019,45.579
2417,7/16/2019,45.534
2418,7/16/2019,45.534
2419,7/16/2019,45.579
2420,7/16/2019,45.579
2421,7/16/2019,45.579
2422,7/16/2019,45.579
2423,7/16/2019,45.579
2424,7/16/2019,45.579
2425,7/16/2019,45.579
2426,7/16/2019,45.579
2427,7/16/2019,45.534
2428,7/16/2019,45.579
2429,7/16/2019,45.624
2430,7/16/2019,45.669
2431,7/16/2019,45.714
2432,7/16/2019,45.761
2433,7/16/2019,45.761
2434,7/16/2019,45.761
2435,7/16/2019,45.806
2436,7/16/2019,45.896
2437,7/16/2019,46.031
2438,7/16/2019,46.121
2439,7/16/2019,46.301
2440,7/16/2019,46.436
2441,7/16/2019,46.526
2442,7/16/2019,46.571
2443,7/16/2019,46.571
2444,7/16/2019,46.526
2445,7/16/2019,46.481
2446,7/16/2019,46.481
2447,7/16/2019,46.436
2448,7/16/2019,46.391
2449,7/16/2019,46.346
2450,7/16/2019,46.346
2451,7/16/2019,46.301
2452,7/16/2019,46.211
2453,7/16/2019,46.121
2454,7/16/2019,46.031
2455,7/16/2019,46.121
2456,7/16/2019,46.076
2457,7/16/2019,46.031
2458,7/16/2019,46.031
2459,7/16/2019,45.986
2460,7/16/2019,45.986
2461,7/16/2019,45.941
2462,7/16/2019,45.896
2463,7/17/2019,45.851
2464,7/17/2019,45.851
2465,7/17/2019,45.761
2466,7/17/2019,45.761
2467,7/17/2019,45.761
2468,7/17/2019,45.714
2469,7/17/2019,45.669
2470,7/17/2019,45.669
2471,7/17/2019,45.669
2472,7/17/2019,45.669
2473,7/17/2019,45.624
2474,7/17/2019,45.579
2475,7/17/2019,45.534
2476,7/17/2019,45.534
2477,7/17/2019,45.534
2478,7/17/2019,45.489
2479,7/17/2019,45.579
2480,7/17/2019,45.669
2481,7/17/2019,45.669
2482,7/17/2019,45.761
2483,7/17/2019,45.806
2484,7/17/2019,45.986
2485,7/17/2019,46.121
2486,7/17/2019,46.256
2487,7/17/2019,46.391
2488,7/17/2019,46.571
2489,7/17/2019,46.706
2490,7/17/2019,46.931
2491,7/17/2019,47.109
2492,7/17/2019,47.199
2493,7/17/2019,47.199
2494,7/17/2019,47.199
2495,7/17/2019,47.289
2496,7/17/2019,47.289
2497,7/17/2019,47.334
2498,7/17/2019,47.244
2499,7/17/2019,47.289
2500,7/17/2019,47.289
2501,7/17/2019,47.289
2502,7/17/2019,47.199
2503,7/17/2019,47.019
2504,7/17/2019,46.931
2505,7/17/2019,46.751
2506,7/17/2019,46.706
2507,7/17/2019,46.571
2508,7/17/2019,46.481
2509,7/17/2019,46.391
2510,7/17/2019,46.301
2511,7/18/2019,46.256
2512,7/18/2019,46.166
2513,7/18/2019,46.166
2514,7/18/2019,46.166
2515,7/18/2019,46.121
2516,7/18/2019,46.121
2517,7/18/2019,46.121
2518,7/18/2019,46.121
2519,7/18/2019,46.121
2520,7/18/2019,46.121
2521,7/18/2019,46.166
2522,7/18/2019,46.211
2523,7/18/2019,46.166
2524,7/18/2019,46.211
2525,7/18/2019,46.346
2526,7/18/2019,46.481
2527,7/18/2019,46.526
2528,7/18/2019,46.661
2529,7/18/2019,46.751
2530,7/18/2019,46.841
2531,7/18/2019,47.019
2532,7/18/2019,47.199
2533,7/18/2019,47.334
2534,7/18/2019,47.467
2535,7/18/2019,47.602
2536,7/18/2019,47.781
2537,7/18/2019,47.959
2538,7/18/2019,48.137
2539,7/18/2019,48.315
2540,7/18/2019,48.36
2541,7/18/2019,48.405
2542,7/18/2019,48.405
2543,7/18/2019,48.493
2544,7/18/2019,48.583
2545,7/18/2019,48.538
2546,7/18/2019,48.45
2547,7/18/2019,48.227
2548,7/18/2019,48.272
2549,7/18/2019,48.315
2550,7/18/2019,48.36
2551,7/18/2019,48.36
2552,7/18/2019,48.182
2553,7/18/2019,48.182
2554,7/18/2019,48.094
2555,7/18/2019,48.049
2556,7/18/2019,47.959
2557,7/18/2019,47.871
2558,7/18/2019,47.914
2559,7/19/2019,47.736
2560,7/19/2019,47.647
2561,7/19/2019,47.557
2562,7/19/2019,47.557
2563,7/19/2019,47.512
2564,7/19/2019,47.467
2565,7/19/2019,47.422
2566,7/19/2019,47.422
2567,7/19/2019,47.467
2568,7/19/2019,47.422
2569,7/19/2019,47.467
2570,7/19/2019,47.512
2571,7/19/2019,47.467
2572,7/19/2019,47.467
2573,7/19/2019,47.512
2574,7/19/2019,47.557
2575,7/19/2019,47.602
2576,7/19/2019,47.647
2577,7/19/2019,47.736
2578,7/19/2019,47.826
2579,7/19/2019,47.871
2580,7/19/2019,47.914
2581,7/19/2019,48.004
2582,7/19/2019,48.094
2583,7/19/2019,48.137
2584,7/19/2019,48.227
2585,7/19/2019,48.272
2586,7/19/2019,48.36
2587,7/19/2019,48.405
2588,7/19/2019,48.45
2589,7/19/2019,48.405
2590,7/19/2019,48.405
2591,7/19/2019,48.36
2592,7/19/2019,48.36
2593,7/19/2019,48.315
2594,7/19/2019,48.272
2595,7/19/2019,48.272
2596,7/19/2019,48.227
2597,7/19/2019,48.182
2598,7/19/2019,48.094
2599,7/19/2019,48.049
2600,7/19/2019,48.004
2601,7/19/2019,47.914
2602,7/19/2019,47.914
2603,7/19/2019,47.826
2604,7/19/2019,47.736
2605,7/19/2019,47.647
2606,7/19/2019,47.602
2607,7/20/2019,47.512
2608,7/20/2019,47.512
2609,7/20/2019,47.377
2610,7/20/2019,47.334
2611,7/20/2019,47.289
2612,7/20/2019,47.289
2613,7/20/2019,47.289
2614,7/20/2019,47.244
2615,7/20/2019,47.289
2616,7/20/2019,47.334
2617,7/20/2019,47.377
2618,7/20/2019,47.377
2619,7/20/2019,47.422
2620,7/20/2019,47.467
2621,7/20/2019,47.422
2622,7/20/2019,47.467
2623,7/20/2019,47.557
2624,7/20/2019,47.602
2625,7/20/2019,47.647
2626,7/20/2019,47.736
2627,7/20/2019,47.736
2628,7/20/2019,47.781
2629,7/20/2019,47.914
2630,7/20/2019,48.094
2631,7/20/2019,48.227
2632,7/20/2019,48.405
2633,7/20/2019,48.628
2634,7/20/2019,48.895
2635,7/20/2019,49.073
2636,7/20/2019,49.161
2637,7/20/2019,49.249
2638,7/20/2019,49.338
2639,7/20/2019,49.249
2640,7/20/2019,49.204
2641,7/20/2019,49.294
2642,7/20/2019,49.249
2643,7/20/2019,49.204
2644,7/20/2019,49.249
2645,7/20/2019,49.249
2646,7/20/2019,49.249
2647,7/20/2019,49.073
2648,7/20/2019,48.717
2649,7/20/2019,48.538
2650,7/20/2019,48.493
2651,7/20/2019,48.36
2652,7/20/2019,48.227
2653,7/20/2019,48.094
2654,7/20/2019,48.004
2655,7/21/2019,48.004
2656,7/21/2019,48.049
2657,7/21/2019,48.182
2658,7/21/2019,48.137
2659,7/21/2019,48.094
2660,7/21/2019,48.049
2661,7/21/2019,48.049
2662,7/21/2019,48.094
2663,7/21/2019,48.094
2664,7/21/2019,48.049
2665,7/21/2019,48.049
2666,7/21/2019,48.094
2667,7/21/2019,48.137
2668,7/21/2019,48.182
2669,7/21/2019,48.182
2670,7/21/2019,48.137
2671,7/21/2019,48.182
2672,7/21/2019,48.227
2673,7/21/2019,48.272
2674,7/21/2019,48.315
2675,7/21/2019,48.36
2676,7/21/2019,48.45
2677,7/21/2019,48.45
2678,7/21/2019,48.493
2679,7/21/2019,48.583
2680,7/21/2019,48.672
2681,7/21/2019,48.85
2682,7/21/2019,48.938
2683,7/21/2019,49.028
2684,7/21/2019,49.161
2685,7/21/2019,49.204
2686,7/21/2019,49.161
2687,7/21/2019,49.161
2688,7/21/2019,49.073
2689,7/21/2019,49.028
2690,7/21/2019,48.983
2691,7/21/2019,48.938
2692,7/21/2019,48.805
2693,7/21/2019,48.717
2694,7/21/2019,48.672
2695,7/21/2019,48.628
2696,7/21/2019,48.628
2697,7/21/2019,48.538
2698,7/21/2019,48.405
2699,7/21/2019,48.272
2700,7/21/2019,48.182
2701,7/21/2019,48.049
2702,7/21/2019,47.914
2703,7/22/2019,47.826
2704,7/22/2019,47.781
2705,7/22/2019,47.736
2706,7/22/2019,47.647
2707,7/22/2019,47.647
2708,7/22/2019,47.557
2709,7/22/2019,47.557
2710,7/22/2019,47.512
2711,7/22/2019,47.467
2712,7/22/2019,47.557
2713,7/22/2019,47.647
2714,7/22/2019,47.826
2715,7/22/2019,47.826
2716,7/22/2019,47.826
2717,7/22/2019,47.826
2718,7/22/2019,47.826
2719,7/22/2019,47.914
2720,7/22/2019,47.914
2721,7/22/2019,47.959
2722,7/22/2019,47.914
2723,7/22/2019,47.914
2724,7/22/2019,47.959
2725,7/22/2019,47.959
2726,7/22/2019,48.094
2727,7/22/2019,48.182
2728,7/22/2019,48.36
2729,7/22/2019,48.538
2730,7/22/2019,48.717
2731,7/22/2019,48.938
2732,7/22/2019,49.028
2733,7/22/2019,49.073
2734,7/22/2019,49.116
2735,7/22/2019,49.073
2736,7/22/2019,49.028
2737,7/22/2019,49.116
2738,7/22/2019,49.161
2739,7/22/2019,49.161
2740,7/22/2019,48.85
2741,7/22/2019,48.762
2742,7/22/2019,48.762
2743,7/22/2019,48.672
2744,7/22/2019,48.672
2745,7/22/2019,48.672
2746,7/22/2019,48.628
2747,7/22/2019,48.538
2748,7/22/2019,48.405
2749,7/22/2019,48.272
2750,7/22/2019,48.094
2751,7/23/2019,48.004
2752,7/23/2019,47.959
2753,7/23/2019,47.959
2754,7/23/2019,48.004
2755,7/23/2019,48.004
2756,7/23/2019,47.914
2757,7/23/2019,47.871
2758,7/23/2019,47.871
2759,7/23/2019,47.914
2760,7/23/2019,47.959
2761,7/23/2019,47.914
2762,7/23/2019,47.826
2763,7/23/2019,47.781
2764,7/23/2019,47.781
2765,7/23/2019,47.826
2766,7/23/2019,47.826
2767,7/23/2019,47.826
2768,7/23/2019,47.914
2769,7/23/2019,47.914
2770,7/23/2019,47.914
2771,7/23/2019,47.826
2772,7/23/2019,47.871
2773,7/23/2019,47.914
2774,7/23/2019,47.914
2775,7/23/2019,47.914
2776,7/23/2019,47.826
2777,7/23/2019,47.826
2778,7/23/2019,47.781
2779,7/23/2019,47.781
2780,7/23/2019,47.781
2781,7/23/2019,47.781
2782,7/23/2019,47.781
2783,7/23/2019,47.781
2784,7/23/2019,47.826
2785,7/23/2019,47.826
2786,7/23/2019,47.736
2787,7/23/2019,47.691
2788,7/23/2019,47.647
2789,7/23/2019,47.602
2790,7/23/2019,47.557
2791,7/23/2019,47.512
2792,7/23/2019,47.467
2793,7/23/2019,47.377
2794,7/23/2019,47.289
2795,7/23/2019,47.199
2796,7/23/2019,47.154
2797,7/23/2019,47.019
2798,7/23/2019,46.931
2799,7/24/2019,46.886
2800,7/24/2019,46.751
2801,7/24/2019,46.661
2802,7/24/2019,46.571
2803,7/24/2019,46.481
2804,7/24/2019,46.481
2805,7/24/2019,46.391
2806,7/24/2019,46.391
2807,7/24/2019,46.346
2808,7/24/2019,46.346
2809,7/24/2019,46.301
2810,7/24/2019,46.301
2811,7/24/2019,46.256
2812,7/24/2019,46.256
2813,7/24/2019,46.256
2814,7/24/2019,46.301
2815,7/24/2019,46.301
2816,7/24/2019,46.346
2817,7/24/2019,46.391
2818,7/24/2019,46.481
2819,7/24/2019,46.481
2820,7/24/2019,46.571
2821,7/24/2019,46.616
2822,7/24/2019,46.661
2823,7/24/2019,46.706
2824,7/24/2019,46.796
2825,7/24/2019,46.841
2826,7/24/2019,46.886
2827,7/24/2019,46.931
2828,7/24/2019,46.974
2829,7/24/2019,47.019
2830,7/24/2019,47.064
2831,7/24/2019,47.019
2832,7/24/2019,47.019
2833,7/24/2019,46.974
2834,7/24/2019,46.974
2835,7/24/2019,47.019
2836,7/24/2019,46.931
2837,7/24/2019,46.886
2838,7/24/2019,46.751
2839,7/24/2019,46.661
2840,7/24/2019,46.526
2841,7/24/2019,46.481
2842,7/24/2019,46.391
2843,7/24/2019,46.301
2844,7/24/2019,46.301
2845,7/24/2019,46.256
2846,7/24/2019,46.211
2847,7/25/2019,46.121
2848,7/25/2019,46.031
2849,7/25/2019,45.986
2850,7/25/2019,45.941
2851,7/25/2019,45.941
2852,7/25/2019,45.941
2853,7/25/2019,45.986
2854,7/25/2019,45.986
2855,7/25/2019,46.031
2856,7/25/2019,46.031
2857,7/25/2019,46.031
2858,7/25/2019,46.076
2859,7/25/2019,46.076
2860,7/25/2019,46.121
2861,7/25/2019,46.121
2862,7/25/2019,46.121
2863,7/25/2019,46.121
2864,7/25/2019,46.121
2865,7/25/2019,46.166
2866,7/25/2019,46.211
2867,7/25/2019,46.256
2868,7/25/2019,46.256
2869,7/25/2019,46.301
2870,7/25/2019,46.301
2871,7/25/2019,46.256
2872,7/25/2019,46.301
2873,7/25/2019,46.301
2874,7/25/2019,46.301
2875,7/25/2019,46.301
2876,7/25/2019,46.301
2877,7/25/2019,46.301
2878,7/25/2019,46.346
2879,7/25/2019,46.346
2880,7/25/2019,46.301
2881,7/25/2019,46.301
2882,7/25/2019,46.256
2883,7/25/2019,46.211
2884,7/25/2019,46.211
2885,7/25/2019,46.166
2886,7/25/2019,46.076
2887,7/25/2019,45.986
2888,7/25/2019,45.941
2889,7/25/2019,45.941
2890,7/25/2019,45.941
2891,7/25/2019,45.941
2892,7/25/2019,45.851
2893,7/25/2019,45.806
2894,7/25/2019,45.761
2895,7/26/2019,45.714
2896,7/26/2019,45.669
2897,7/26/2019,45.624
2898,7/26/2019,45.579
2899,7/26/2019,45.534
2900,7/26/2019,45.534
2901,7/26/2019,45.534
2902,7/26/2019,45.489
2903,7/26/2019,45.444
2904,7/26/2019,45.444
2905,7/26/2019,45.444
2906,7/26/2019,45.399
2907,7/26/2019,45.399
2908,7/26/2019,45.399
2909,7/26/2019,45.444
2910,7/26/2019,45.399
2911,7/26/2019,45.444
2912,7/26/2019,45.444
2913,7/26/2019,45.444
2914,7/26/2019,45.489
2915,7/26/2019,45.489
2916,7/26/2019,45.444
2917,7/26/2019,45.489
2918,7/26/2019,45.489
2919,7/26/2019,45.489
2920,7/26/2019,45.489
2921,7/26/2019,45.534
2922,7/26/2019,45.534
2923,7/26/2019,45.489
2924,7/26/2019,45.489
2925,7/26/2019,45.489
2926,7/26/2019,45.534
2927,7/26/2019,45.579
2928,7/26/2019,45.579
2929,7/26/2019,45.579
2930,7/26/2019,45.534
2931,7/26/2019,45.534
2932,7/26/2019,45.489
2933,7/26/2019,45.444
2934,7/26/2019,45.354
2935,7/26/2019,45.307
2936,7/26/2019,45.217
2937,7/26/2019,45.127
2938,7/26/2019,45.036
2939,7/26/2019,45.036
2940,7/26/2019,44.901
2941,7/26/2019,44.856
2942,7/26/2019,44.809
2943,7/27/2019,44.764
2944,7/27/2019,44.674
2945,7/27/2019,44.627
2946,7/27/2019,44.582
2947,7/27/2019,44.582
2948,7/27/2019,44.537
2949,7/27/2019,44.492
2950,7/27/2019,44.445
2951,7/27/2019,44.445
2952,7/27/2019,44.445
2953,7/27/2019,44.4
2954,7/27/2019,44.355
2955,7/27/2019,44.31
2956,7/27/2019,44.31
2957,7/27/2019,44.31
2958,7/27/2019,44.31
2959,7/27/2019,44.31
2960,7/27/2019,44.31
2961,7/27/2019,44.355
2962,7/27/2019,44.4
2963,7/27/2019,44.4
2964,7/27/2019,44.445
2965,7/27/2019,44.492
2966,7/27/2019,44.537
2967,7/27/2019,44.582
2968,7/27/2019,44.627
2969,7/27/2019,44.674
2970,7/27/2019,44.674
2971,7/27/2019,44.719
2972,7/27/2019,44.674
2973,7/27/2019,44.674
2974,7/27/2019,44.719
2975,7/27/2019,44.719
2976,7/27/2019,44.719
2977,7/27/2019,44.719
2978,7/27/2019,44.674
2979,7/27/2019,44.627
2980,7/27/2019,44.582
2981,7/27/2019,44.582
2982,7/27/2019,44.582
2983,7/27/2019,44.537
2984,7/27/2019,44.492
2985,7/27/2019,44.445
2986,7/27/2019,44.355
2987,7/27/2019,44.31
2988,7/27/2019,44.263
2989,7/27/2019,44.218
2990,7/27/2019,44.127
2991,7/28/2019,44.127
2992,7/28/2019,44.037
2993,7/28/2019,43.99
2994,7/28/2019,43.945
2995,7/28/2019,43.945
2996,7/28/2019,43.9
2997,7/28/2019,43.853
2998,7/28/2019,43.853
2999,7/28/2019,43.853
3000,7/28/2019,43.808
3001,7/28/2019,43.808
3002,7/28/2019,43.808
3003,7/28/2019,43.763
3004,7/28/2019,43.763
3005,7/28/2019,43.763
3006,7/28/2019,43.716
3007,7/28/2019,43.763
3008,7/28/2019,43.763
3009,7/28/2019,43.853
3010,7/28/2019,43.99
3011,7/28/2019,44.127
3012,7/28/2019,44.263
3013,7/28/2019,44.4
3014,7/28/2019,44.627
3015,7/28/2019,44.856
3016,7/28/2019,45.036
3017,7/28/2019,45.354
3018,7/28/2019,45.579
3019,7/28/2019,45.761
3020,7/28/2019,45.896
3021,7/28/2019,46.031
3022,7/28/2019,46.121
3023,7/28/2019,46.121
3024,7/28/2019,46.121
3025,7/28/2019,45.986
3026,7/28/2019,45.896
3027,7/28/2019,45.761
3028,7/28/2019,45.714
3029,7/28/2019,45.761
3030,7/28/2019,45.669
3031,7/28/2019,45.669
3032,7/28/2019,45.669
3033,7/28/2019,45.579
3034,7/28/2019,45.489
3035,7/28/2019,45.489
3036,7/28/2019,45.399
3037,7/28/2019,45.354
3038,7/28/2019,45.262
3039,7/29/2019,45.172
3040,7/29/2019,45.082
3041,7/29/2019,45.036
3042,7/29/2019,44.946
3043,7/29/2019,44.901
3044,7/29/2019,44.946
3045,7/29/2019,44.946
3046,7/29/2019,45.036
3047,7/29/2019,45.036
3048,7/29/2019,45.036
3049,7/29/2019,45.082
3050,7/29/2019,45.082
3051,7/29/2019,45.082
3052,7/29/2019,45.127
3053,7/29/2019,45.172
3054,7/29/2019,45.217
3055,7/29/2019,45.262
3056,7/29/2019,45.307
3057,7/29/2019,45.354
3058,7/29/2019,45.399
3059,7/29/2019,45.489
3060,7/29/2019,45.624
3061,7/29/2019,45.714
3062,7/29/2019,45.851
3063,7/29/2019,45.941
3064,7/29/2019,51.984
3065,7/29/2019,53.515
3066,7/29/2019,58.798
3067,7/29/2019,58.023
3068,7/29/2019,58.109
3069,7/29/2019,59.099
3070,7/29/2019,57.807
3071,7/29/2019,58.626
3072,7/29/2019,58.368
3073,7/29/2019,59.959
3074,7/29/2019,61.075
3075,7/29/2019,61.506
3076,7/29/2019,62.019
3077,7/29/2019,62.533
3078,7/29/2019,62.62
3079,7/29/2019,62.019
3080,7/29/2019,61.419
3081,7/29/2019,60.775
3082,7/29/2019,59.83
3083,7/29/2019,58.066
3084,7/29/2019,56.251
3085,7/29/2019,54.995
3086,7/29/2019,54.691
3087,7/30/2019,54.43
3088,7/30/2019,53.559
3089,7/30/2019,53.035
3090,7/30/2019,52.817
3091,7/30/2019,52.86
3092,7/30/2019,52.729
3093,7/30/2019,52.597
3094,7/30/2019,52.246
3095,7/30/2019,52.115
3096,7/30/2019,51.809
3097,7/30/2019,51.721
3098,7/30/2019,51.458
3099,7/30/2019,50.841
3100,7/30/2019,50.974
3101,7/30/2019,51.37
3102,7/30/2019,51.895
3103,7/30/2019,52.686
3104,7/30/2019,53.865
3105,7/30/2019,57.333
3106,7/30/2019,61.419
3107,7/30/2019,64.459
3108,7/30/2019,65.53
3109,7/30/2019,66.558
3110,7/30/2019,67.842
3111,7/30/2019,68.871
3112,7/30/2019,69.471
3113,7/30/2019,70.029
3114,7/30/2019,73.558
3115,7/30/2019,69.771
3116,7/30/2019,67.242
3117,7/30/2019,68.013
3118,7/30/2019,67.543
3119,7/30/2019,67.329
3120,7/30/2019,67.329
3121,7/30/2019,67.885
3122,7/30/2019,68.443
3123,7/30/2019,69.814
3124,7/30/2019,67.071
3125,7/30/2019,63.946
3126,7/30/2019,62.362
3127,7/30/2019,61.462
3128,7/30/2019,60.904
3129,7/30/2019,60.517
3130,7/30/2019,60.26
3131,7/30/2019,60.046
3132,7/30/2019,59.83
3133,7/30/2019,59.659
3134,7/30/2019,59.529
3135,7/31/2019,59.401
3136,7/31/2019,59.272
3137,7/31/2019,59.185
3138,7/31/2019,59.099
3139,7/31/2019,59.014
3140,7/31/2019,58.928
3141,7/31/2019,58.842
3142,7/31/2019,58.755
3143,7/31/2019,58.712
3144,7/31/2019,58.669
3145,7/31/2019,58.582
3146,7/31/2019,58.541
3147,7/31/2019,58.498
3148,7/31/2019,58.455
3149,7/31/2019,58.411
3150,7/31/2019,58.368
3151,7/31/2019,58.325
3152,7/31/2019,58.282
3153,7/31/2019,58.239
3154,7/31/2019,58.195
3155,7/31/2019,58.195
3156,7/31/2019,58.152
3157,7/31/2019,58.152
3158,7/31/2019,58.239
3159,7/31/2019,58.411
3160,7/31/2019,59.185
3161,7/31/2019,60.474
3162,7/31/2019,60.647
3163,7/31/2019,60.818
3164,7/31/2019,60.904
3165,7/31/2019,64.589
3166,7/31/2019,70.416
3167,7/31/2019,73.472
3168,7/31/2019,73.774
3169,7/31/2019,74.25
3170,7/31/2019,74.424
3171,7/31/2019,74.424
3172,7/31/2019,74.034
3173,7/31/2019,73.602
3174,7/31/2019,73.256
3175,7/31/2019,72.955
3176,7/31/2019,72.783
3177,7/31/2019,72.61
3178,7/31/2019,72.437
3179,7/31/2019,72.264
3180,7/31/2019,72.136
3181,7/31/2019,72.007
3182,7/31/2019,71.877
3183,8/1/2019,71.748
3184,8/1/2019,71.661
3185,8/1/2019,71.533
3186,8/1/2019,71.447
3187,8/1/2019,71.317
3188,8/1/2019,71.231
3189,8/1/2019,71.146
3190,8/1/2019,71.06
3191,8/1/2019,70.974
3192,8/1/2019,70.887
3193,8/1/2019,70.846
3194,8/1/2019,70.759
3195,8/1/2019,70.673
3196,8/1/2019,70.63
3197,8/1/2019,70.543
3198,8/1/2019,70.543
3199,8/1/2019,70.543
3200,8/1/2019,70.502
3201,8/1/2019,70.459
3202,8/1/2019,70.459
3203,8/1/2019,70.459
3204,8/1/2019,70.459
3205,8/1/2019,70.502
3206,8/1/2019,70.587
3207,8/1/2019,70.716
3208,8/1/2019,70.673
3209,8/1/2019,70.759
3210,8/1/2019,70.803
3211,8/1/2019,70.846
3212,8/1/2019,70.846
3213,8/1/2019,70.759
3214,8/1/2019,70.673
3215,8/1/2019,70.63
3216,8/1/2019,70.803
3217,8/1/2019,70.93
3218,8/1/2019,71.19
3219,8/1/2019,71.317
3220,8/1/2019,71.447
3221,8/1/2019,71.49
3222,8/1/2019,71.533
3223,8/1/2019,71.577
3224,8/1/2019,71.577
3225,8/1/2019,71.577
3226,8/1/2019,71.533
3227,8/1/2019,71.49
3228,8/1/2019,71.447
3229,8/1/2019,71.404
3230,8/1/2019,71.361
3231,8/2/2019,71.274
3232,8/2/2019,71.231
3233,8/2/2019,71.146
3234,8/2/2019,71.103
3235,8/2/2019,71.017
3236,8/2/2019,70.93
3237,8/2/2019,70.887
3238,8/2/2019,70.803
3239,8/2/2019,70.759
3240,8/2/2019,70.673
3241,8/2/2019,70.63
3242,8/2/2019,70.543
3243,8/2/2019,70.502
3244,8/2/2019,70.459
3245,8/2/2019,70.372
3246,8/2/2019,70.329
3247,8/2/2019,70.329
3248,8/2/2019,70.372
3249,8/2/2019,70.459
3250,8/2/2019,70.543
3251,8/2/2019,70.759
3252,8/2/2019,70.974
3253,8/2/2019,71.317
3254,8/2/2019,71.62
3255,8/2/2019,71.964
3256,8/2/2019,72.307
3257,8/2/2019,72.61
3258,8/2/2019,72.869
3259,8/2/2019,73.213
3260,8/2/2019,73.558
3261,8/2/2019,73.904
3262,8/2/2019,74.206
3263,8/2/2019,74.554
3264,8/2/2019,74.899
3265,8/2/2019,75.247
3266,8/2/2019,75.594
3267,8/2/2019,75.81
3268,8/2/2019,75.942
3269,8/2/2019,75.942
3270,8/2/2019,75.898
3271,8/2/2019,75.853
3272,8/2/2019,75.724
3273,8/2/2019,75.594
3274,8/2/2019,75.42
3275,8/2/2019,75.247
3276,8/2/2019,75.117
3277,8/2/2019,74.943
3278,8/2/2019,74.77
3279,8/3/2019,74.597
3280,8/3/2019,74.467
3281,8/3/2019,74.295
3282,8/3/2019,74.12
3283,8/3/2019,73.99
3284,8/3/2019,73.861
3285,8/3/2019,73.731
3286,8/3/2019,73.558
3287,8/3/2019,73.429
3288,8/3/2019,73.256
3289,8/3/2019,73.126
3290,8/3/2019,72.955
3291,8/3/2019,72.826
3292,8/3/2019,72.653
3293,8/3/2019,72.523
3294,8/3/2019,72.394
3295,8/3/2019,72.696
3296,8/3/2019,72.783
3297,8/3/2019,71.834
3298,8/3/2019,71.19
3299,8/3/2019,71.231
3300,8/3/2019,71.361
3301,8/3/2019,72.178
3302,8/3/2019,72.61
3303,8/3/2019,73.213
3304,8/3/2019,73.774
3305,8/3/2019,74.554
3306,8/3/2019,74.856
3307,8/3/2019,74.899
3308,8/3/2019,74.899
3309,8/3/2019,74.899
3310,8/3/2019,74.943
3311,8/3/2019,75.029
3312,8/3/2019,75.074
3313,8/3/2019,75.117
3314,8/3/2019,75.16
3315,8/3/2019,75.16
3316,8/3/2019,75.117
3317,8/3/2019,75.074
3318,8/3/2019,74.943
3319,8/3/2019,74.813
3320,8/3/2019,74.683
3321,8/3/2019,74.554
3322,8/3/2019,74.381
3323,8/3/2019,74.206
3324,8/3/2019,74.077
3325,8/3/2019,73.947
3326,8/3/2019,73.818
3327,8/4/2019,73.688
3328,8/4/2019,73.558
3329,8/4/2019,73.472
3330,8/4/2019,73.342
3331,8/4/2019,73.213
3332,8/4/2019,73.083
3333,8/4/2019,72.997
3334,8/4/2019,72.869
3335,8/4/2019,72.739
3336,8/4/2019,72.653
3337,8/4/2019,72.567
3338,8/4/2019,72.48
3339,8/4/2019,72.394
3340,8/4/2019,72.307
3341,8/4/2019,72.221
3342,8/4/2019,72.136
3343,8/4/2019,72.05
3344,8/4/2019,72.007
3345,8/4/2019,71.964
3346,8/4/2019,71.92
3347,8/4/2019,71.877
3348,8/4/2019,71.877
3349,8/4/2019,71.92
3350,8/4/2019,71.964
3351,8/4/2019,72.136
3352,8/4/2019,72.264
3353,8/4/2019,72.48
3354,8/4/2019,72.696
3355,8/4/2019,72.997
3356,8/4/2019,73.299
3357,8/4/2019,73.558
3358,8/4/2019,73.861
3359,8/4/2019,74.12
3360,8/4/2019,74.381
3361,8/4/2019,74.64
3362,8/4/2019,74.77
3363,8/4/2019,74.899
3364,8/4/2019,74.899
3365,8/4/2019,74.899
3366,8/4/2019,74.77
3367,8/4/2019,74.64
3368,8/4/2019,74.511
3369,8/4/2019,74.338
3370,8/4/2019,74.206
3371,8/4/2019,74.034
3372,8/4/2019,73.861
3373,8/4/2019,73.731
3374,8/4/2019,73.602
3375,8/5/2019,73.472
3376,8/5/2019,73.342
3377,8/5/2019,73.213
3378,8/5/2019,73.126
3379,8/5/2019,72.997
3380,8/5/2019,72.912
3381,8/5/2019,72.826
3382,8/5/2019,72.696
3383,8/5/2019,72.61
3384,8/5/2019,72.523
3385,8/5/2019,72.394
3386,8/5/2019,72.307
3387,8/5/2019,72.178
3388,8/5/2019,72.136
3389,8/5/2019,72.05
3390,8/5/2019,71.964
3391,8/5/2019,71.877
3392,8/5/2019,71.834
3393,8/5/2019,71.791
3394,8/5/2019,71.704
3395,8/5/2019,71.704
3396,8/5/2019,71.704
3397,8/5/2019,71.791
3398,8/5/2019,72.05
3399,8/5/2019,72.221
3400,8/5/2019,72.567
3401,8/5/2019,72.869
3402,8/5/2019,73.213
3403,8/5/2019,73.515
3404,8/5/2019,73.688
3405,8/5/2019,73.818
3406,8/5/2019,74.034
3407,8/5/2019,74.163
3408,8/5/2019,74.295
3409,8/5/2019,74.511
3410,8/5/2019,74.77
3411,8/5/2019,74.943
3412,8/5/2019,75.074
3413,8/5/2019,75.117
3414,8/5/2019,75.074
3415,8/5/2019,74.986
3416,8/5/2019,74.813
3417,8/5/2019,74.683
3418,8/5/2019,74.511
3419,8/5/2019,74.338
3420,8/5/2019,74.163
3421,8/5/2019,73.99
3422,8/5/2019,73.861
3423,8/6/2019,73.688
3424,8/6/2019,73.558
3425,8/6/2019,73.429
3426,8/6/2019,73.299
3427,8/6/2019,73.17
3428,8/6/2019,73.083
3429,8/6/2019,72.912
3430,8/6/2019,72.826
3431,8/6/2019,72.653
3432,8/6/2019,72.523
3433,8/6/2019,72.437
3434,8/6/2019,72.307
3435,8/6/2019,72.178
3436,8/6/2019,72.093
3437,8/6/2019,71.964
3438,8/6/2019,71.92
3439,8/6/2019,71.834
3440,8/6/2019,72.394
3441,8/6/2019,73.04
3442,8/6/2019,73.645
3443,8/6/2019,73.731
3444,8/6/2019,74.034
3445,8/6/2019,74.424
3446,8/6/2019,75.463
3447,8/6/2019,75.985
3448,8/6/2019,75.724
3449,8/6/2019,75.681
3450,8/6/2019,76.289
3451,8/6/2019,76.636
3452,8/6/2019,77.16
3453,8/6/2019,77.421
3454,8/6/2019,77.335
3455,8/6/2019,77.684
3456,8/6/2019,78.208
3457,8/6/2019,78.296
3458,8/6/2019,78.076
3459,8/6/2019,77.902
3460,8/6/2019,77.815
3461,8/6/2019,77.553
3462,8/6/2019,77.378
3463,8/6/2019,77.16
3464,8/6/2019,76.986
3465,8/6/2019,76.811
3466,8/6/2019,76.636
3467,8/6/2019,76.464
3468,8/6/2019,76.289
3469,8/6/2019,76.114
3470,8/6/2019,75.985
3471,8/7/2019,75.81
3472,8/7/2019,75.681
3473,8/7/2019,75.508
3474,8/7/2019,75.376
3475,8/7/2019,75.247
3476,8/7/2019,75.117
3477,8/7/2019,74.986
3478,8/7/2019,74.856
3479,8/7/2019,74.727
3480,8/7/2019,74.64
3481,8/7/2019,74.511
3482,8/7/2019,74.424
3483,8/7/2019,74.295
3484,8/7/2019,74.163
3485,8/7/2019,74.12
3486,8/7/2019,74.467
3487,8/7/2019,74.899
3488,8/7/2019,75.16
3489,8/7/2019,75.117
3490,8/7/2019,75.074
3491,8/7/2019,75.16
3492,8/7/2019,75.029
3493,8/7/2019,75.117
3494,8/7/2019,75.508
3495,8/7/2019,75.985
3496,8/7/2019,76.942
3497,8/7/2019,77.072
3498,8/7/2019,77.378
3499,8/7/2019,77.684
3500,8/7/2019,78.602
3501,8/7/2019,78.777