#,"Date Time, GMT-08:00","Temp, °C (LGR S/N: 20625386, SEN S/N: 20625386)",Coupler Detached (LGR S/N: 20625386),Coupler Attached (LGR S/N: 20625386),Host Connected (LGR S/N: 20625386),Stopped (LGR S/N: 20625386),End Of File (LGR S/N: 20625386)
29,6/7/19 12:41,11.516,,,,,
30,6/7/19 13:41,12.05,,,,,
31,6/7/19 14:41,12.147,,,,,
32,6/7/19 15:41,12.316,,,,,
33,6/7/19 16:41,12.582,,,,,
34,6/7/19 17:41,13.137,,,,,
35,6/7/19 18:41,12.896,,,,,
36,6/7/19 19:41,12.364,,,,,
37,6/7/19 20:41,12.074,,,,,
38,6/7/19 21:41,11.734,,,,,
39,6/7/19 22:41,11.394,,,,,
40,6/7/19 23:41,11.078,,,,,
41,6/8/19 0:41,10.81,,,,,
42,6/8/19 1:41,10.565,,,,,
43,6/8/19 2:41,10.418,,,,,
44,6/8/19 3:41,10.32,,,,,
45,6/8/19 4:41,10.149,,,,,
46,6/8/19 5:41,10.026,,,,,
47,6/8/19 6:41,9.903,,,,,
48,6/8/19 7:41,9.952,,,,,
49,6/8/19 8:41,9.977,,,,,
50,6/8/19 9:41,10.149,,,,,
51,6/8/19 10:41,10.883,,,,,
52,6/8/19 11:41,10.565,,,,,
53,6/8/19 12:41,11.783,,,,,
54,6/8/19 13:41,11.686,,,,,
55,6/8/19 14:41,12.05,,,,,
56,6/8/19 15:41,11.929,,,,,
57,6/8/19 16:41,12.847,,,,,
58,6/8/19 17:41,13.305,,,,,
59,6/8/19 18:41,12.606,,,,,
60,6/8/19 19:41,12.316,,,,,
61,6/8/19 20:41,11.565,,,,,
62,6/8/19 21:41,11.248,,,,,
63,6/8/19 22:41,11.005,,,,,
64,6/8/19 23:41,10.59,,,,,
65,6/9/19 0:41,10.271,,,,,
66,6/9/19 1:41,10.026,,,,,
67,6/9/19 2:41,9.903,,,,,
68,6/9/19 3:41,9.731,,,,,
69,6/9/19 4:41,9.485,,,,,
70,6/9/19 5:41,9.238,,,,,
71,6/9/19 6:41,9.089,,,,,
72,6/9/19 7:41,9.064,,,,,
73,6/9/19 8:41,9.188,,,,,
74,6/9/19 9:41,9.435,,,,,
75,6/9/19 10:41,9.756,,,,,
76,6/9/19 11:41,10.541,,,,,
77,6/9/19 12:41,10.467,,,,,
78,6/9/19 13:41,10.418,,,,,
79,6/9/19 14:41,10.858,,,,,
80,6/9/19 15:41,10.956,,,,,
81,6/9/19 16:41,10.956,,,,,
82,6/9/19 17:41,11.102,,,,,
83,6/9/19 18:41,11.029,,,,,
84,6/9/19 19:41,11.2,,,,,
85,6/9/19 20:41,11.078,,,,,
86,6/9/19 21:41,11.078,,,,,
87,6/9/19 22:41,10.761,,,,,
88,6/9/19 23:41,10.467,,,,,
89,6/10/19 0:41,10.247,,,,,
90,6/10/19 1:41,9.952,,,,,
91,6/10/19 2:41,9.706,,,,,
92,6/10/19 3:41,9.46,,,,,
93,6/10/19 4:41,9.139,,,,,
94,6/10/19 5:41,8.792,,,,,
95,6/10/19 6:41,8.593,,,,,
96,6/10/19 7:41,8.593,,,,,
97,6/10/19 8:41,8.817,,,,,
98,6/10/19 9:41,9.238,,,,,
99,6/10/19 10:41,9.805,,,,,
100,6/10/19 11:41,10.541,,,,,
101,6/10/19 12:41,11.346,,,,,
102,6/10/19 13:41,12.122,,,,,
103,6/10/19 14:41,12.799,,,,,
104,6/10/19 15:41,13.305,,,,,
105,6/10/19 16:41,13.185,,,,,
106,6/10/19 17:41,13.522,,,,,
107,6/10/19 18:41,13.546,,,,,
108,6/10/19 19:41,13.377,,,,,
109,6/10/19 20:41,13.137,,,,,
110,6/10/19 21:41,12.896,,,,,
111,6/10/19 22:41,12.147,,,,,
112,6/10/19 23:41,11.686,,,,,
113,6/11/19 0:41,11.54,,,,,
114,6/11/19 1:41,11.419,,,,,
115,6/11/19 2:41,11.2,,,,,
116,6/11/19 3:41,10.883,,,,,
117,6/11/19 4:41,10.614,,,,,
118,6/11/19 5:41,10.394,,,,,
119,6/11/19 6:41,10.222,,,,,
120,6/11/19 7:41,10.198,,,,,
121,6/11/19 8:41,10.247,,,,,
122,6/11/19 9:41,10.541,,,,,
123,6/11/19 10:41,11.053,,,,,
124,6/11/19 11:41,11.783,,,,,
125,6/11/19 12:41,12.195,,,,,
126,6/11/19 13:41,13.473,,,,,
127,6/11/19 14:41,13.978,,,,,
128,6/11/19 15:41,14.194,,,,,
129,6/11/19 16:41,14.17,,,,,
130,6/11/19 17:41,12.582,,,,,
131,6/11/19 18:41,12.703,,,,,
132,6/11/19 19:41,12.847,,,,,
133,6/11/19 20:41,12.92,,,,,
134,6/11/19 21:41,12.509,,,,,
135,6/11/19 22:41,12.05,,,,,
136,6/11/19 23:41,11.662,,,,,
137,6/12/19 0:41,11.297,,,,,
138,6/12/19 1:41,11.029,,,,,
139,6/12/19 2:41,10.761,,,,,
140,6/12/19 3:41,10.663,,,,,
141,6/12/19 4:41,10.614,,,,,
142,6/12/19 5:41,10.638,,,,,
143,6/12/19 6:41,10.712,,,,,
144,6/12/19 7:41,10.785,,,,,
145,6/12/19 8:41,10.761,,,,,
146,6/12/19 9:41,10.956,,,,,
147,6/12/19 10:41,11.419,,,,,
148,6/12/19 11:41,11.977,,,,,
149,6/12/19 12:41,12.654,,,,,
150,6/12/19 13:41,12.654,,,,,
151,6/12/19 14:41,12.678,,,,,
152,6/12/19 15:41,12.606,,,,,
153,6/12/19 16:41,12.92,,,,,
154,6/12/19 17:41,13.305,,,,,
155,6/12/19 18:41,12.968,,,,,
156,6/12/19 19:41,12.751,,,,,
157,6/12/19 20:41,12.558,,,,,
158,6/12/19 21:41,12.509,,,,,
159,6/12/19 22:41,12.268,,,,,
160,6/12/19 23:41,11.977,,,,,
161,6/13/19 0:41,11.589,,,,,
162,6/13/19 1:41,11.2,,,,,
163,6/13/19 2:41,10.932,,,,,
164,6/13/19 3:41,10.663,,,,,
165,6/13/19 4:41,10.418,,,,,
166,6/13/19 5:41,10.271,,,,,
167,6/13/19 6:41,10.173,,,,,
168,6/13/19 7:41,10.198,,,,,
169,6/13/19 8:41,10.418,,,,,
170,6/13/19 9:41,10.81,,,,,
171,6/13/19 10:41,11.321,,,,,
172,6/13/19 11:41,11.977,,,,,
173,6/13/19 12:41,12.606,,,,,
174,6/13/19 13:41,12.823,,,,,
175,6/13/19 14:41,13.329,,,,,
176,6/13/19 15:41,13.762,,,,,
177,6/13/19 16:41,13.906,,,,,
178,6/13/19 17:41,14.098,,,,,
179,6/13/19 18:41,13.762,,,,,
180,6/13/19 19:41,13.666,,,,,
181,6/13/19 20:41,13.594,,,,,
182,6/13/19 21:41,13.257,,,,,
183,6/13/19 22:41,12.896,,,,,
184,6/13/19 23:41,12.823,,,,,
185,6/14/19 0:41,12.751,,,,,
186,6/14/19 1:41,12.558,,,,,
187,6/14/19 2:41,12.219,,,,,
188,6/14/19 3:41,11.832,,,,,
189,6/14/19 4:41,11.54,,,,,
190,6/14/19 5:41,11.346,,,,,
191,6/14/19 6:41,11.175,,,,,
192,6/14/19 7:41,11.175,,,,,
193,6/14/19 8:41,11.37,,,,,
194,6/14/19 9:41,11.565,,,,,
195,6/14/19 10:41,12.147,,,,,
196,6/14/19 11:41,12.823,,,,,
197,6/14/19 12:41,13.522,,,,,
198,6/14/19 13:41,14.314,,,,,
199,6/14/19 14:41,15.031,,,,,
200,6/14/19 15:41,15.676,,,,,
201,6/14/19 16:41,16.082,,,,,
202,6/14/19 17:41,16.487,,,,,
203,6/14/19 18:41,16.439,,,,,
204,6/14/19 19:41,16.01,,,,,
205,6/14/19 20:41,15.581,,,,,
206,6/14/19 21:41,15.127,,,,,
207,6/14/19 22:41,14.457,,,,,
208,6/14/19 23:41,14.002,,,,,
209,6/15/19 0:41,13.642,,,,,
210,6/15/19 1:41,13.209,,,,,
211,6/15/19 2:41,12.823,,,,,
212,6/15/19 3:41,12.485,,,,,
213,6/15/19 4:41,12.268,,,,,
214,6/15/19 5:41,12.147,,,,,
215,6/15/19 6:41,12.147,,,,,
216,6/15/19 7:41,12.171,,,,,
217,6/15/19 8:41,12.243,,,,,
218,6/15/19 9:41,12.534,,,,,
219,6/15/19 10:41,12.823,,,,,
220,6/15/19 11:41,13.281,,,,,
221,6/15/19 12:41,13.594,,,,,
222,6/15/19 13:41,13.714,,,,,
223,6/15/19 14:41,13.93,,,,,
224,6/15/19 15:41,14.05,,,,,
225,6/15/19 16:41,14.122,,,,,
226,6/15/19 17:41,14.242,,,,,
227,6/15/19 18:41,14.098,,,,,
228,6/15/19 19:41,14.05,,,,,
229,6/15/19 20:41,13.906,,,,,
230,6/15/19 21:41,13.642,,,,,
231,6/15/19 22:41,13.305,,,,,
232,6/15/19 23:41,12.92,,,,,
233,6/16/19 0:41,12.558,,,,,
234,6/16/19 1:41,12.195,,,,,
235,6/16/19 2:41,11.904,,,,,
236,6/16/19 3:41,11.637,,,,,
237,6/16/19 4:41,11.443,,,,,
238,6/16/19 5:41,11.297,,,,,
239,6/16/19 6:41,11.224,,,,,
240,6/16/19 7:41,11.224,,,,,
241,6/16/19 8:41,11.273,,,,,
242,6/16/19 9:41,11.394,,,,,
243,6/16/19 10:41,11.565,,,,,
244,6/16/19 11:41,11.589,,,,,
245,6/16/19 12:41,11.637,,,,,
246,6/16/19 13:41,11.856,,,,,
247,6/16/19 14:41,12.122,,,,,
248,6/16/19 15:41,12.364,,,,,
249,6/16/19 16:41,12.461,,,,,
250,6/16/19 17:41,12.558,,,,,
251,6/16/19 18:41,12.389,,,,,
252,6/16/19 19:41,12.268,,,,,
253,6/16/19 20:41,12.195,,,,,
254,6/16/19 21:41,11.977,,,,,
255,6/16/19 22:41,11.759,,,,,
256,6/16/19 23:41,11.54,,,,,
257,6/17/19 0:41,11.394,,,,,
258,6/17/19 1:41,11.2,,,,,
259,6/17/19 2:41,11.005,,,,,
260,6/17/19 3:41,10.81,,,,,
261,6/17/19 4:41,10.614,,,,,
262,6/17/19 5:41,10.516,,,,,
263,6/17/19 6:41,10.467,,,,,
264,6/17/19 7:41,10.565,,,,,
265,6/17/19 8:41,10.663,,,,,
266,6/17/19 9:41,10.834,,,,,
267,6/17/19 10:41,11.248,,,,,
268,6/17/19 11:41,11.88,,,,,
269,6/17/19 12:41,12.364,,,,,
270,6/17/19 13:41,12.847,,,,,
271,6/17/19 14:41,12.968,,,,,
272,6/17/19 15:41,13.305,,,,,
273,6/17/19 16:41,13.473,,,,,
274,6/17/19 17:41,14.146,,,,,
275,6/17/19 18:41,13.714,,,,,
276,6/17/19 19:41,13.497,,,,,
277,6/17/19 20:41,13.185,,,,,
278,6/17/19 21:41,12.823,,,,,
279,6/17/19 22:41,12.558,,,,,
280,6/17/19 23:41,12.364,,,,,
281,6/18/19 0:41,12.098,,,,,
282,6/18/19 1:41,11.832,,,,,
283,6/18/19 2:41,11.589,,,,,
284,6/18/19 3:41,11.37,,,,,
285,6/18/19 4:41,11.127,,,,,
286,6/18/19 5:41,10.81,,,,,
287,6/18/19 6:41,10.638,,,,,
288,6/18/19 7:41,10.541,,,,,
289,6/18/19 8:41,10.565,,,,,
290,6/18/19 9:41,10.614,,,,,
291,6/18/19 10:41,10.687,,,,,
292,6/18/19 11:41,10.761,,,,,
293,6/18/19 12:41,11.2,,,,,
294,6/18/19 13:41,11.589,,,,,
295,6/18/19 14:41,11.929,,,,,
296,6/18/19 15:41,12.485,,,,,
297,6/18/19 16:41,12.606,,,,,
298,6/18/19 17:41,12.92,,,,,
299,6/18/19 18:41,13.257,,,,,
300,6/18/19 19:41,13.329,,,,,
301,6/18/19 20:41,13.233,,,,,
302,6/18/19 21:41,13.088,,,,,
303,6/18/19 22:41,12.871,,,,,
304,6/18/19 23:41,12.678,,,,,
305,6/19/19 0:41,12.413,,,,,
306,6/19/19 1:41,12.147,,,,,
307,6/19/19 2:41,11.783,,,,,
308,6/19/19 3:41,11.516,,,,,
309,6/19/19 4:41,11.273,,,,,
310,6/19/19 5:41,11.127,,,,,
311,6/19/19 6:41,11.005,,,,,
312,6/19/19 7:41,10.98,,,,,
313,6/19/19 8:41,11.2,,,,,
314,6/19/19 9:41,11.637,,,,,
315,6/19/19 10:41,12.268,,,,,
316,6/19/19 11:41,12.871,,,,,
317,6/19/19 12:41,13.088,,,,,
318,6/19/19 13:41,13.522,,,,,
319,6/19/19 14:41,14.074,,,,,
320,6/19/19 15:41,14.984,,,,,
321,6/19/19 16:41,14.864,,,,,
322,6/19/19 17:41,15.151,,,,,
323,6/19/19 18:41,15.294,,,,,
324,6/19/19 19:41,15.772,,,,,
325,6/19/19 20:41,15.605,,,,,
326,6/19/19 21:41,15.438,,,,,
327,6/19/19 22:41,15.103,,,,,
328,6/19/19 23:41,14.888,,,,,
329,6/20/19 0:41,14.433,,,,,
330,6/20/19 1:41,13.81,,,,,
331,6/20/19 2:41,13.353,,,,,
332,6/20/19 3:41,12.944,,,,,
333,6/20/19 4:41,12.606,,,,,
334,6/20/19 5:41,12.292,,,,,
335,6/20/19 6:41,12.05,,,,,
336,6/20/19 7:41,11.929,,,,,
337,6/20/19 8:41,12.195,,,,,
338,6/20/19 9:41,12.364,,,,,
339,6/20/19 10:41,12.92,,,,,
340,6/20/19 11:41,13.69,,,,,
341,6/20/19 12:41,14.529,,,,,
342,6/20/19 13:41,15.318,,,,,
343,6/20/19 14:41,16.177,,,,,
344,6/20/19 15:41,17.034,,,,,
345,6/20/19 16:41,17.082,,,,,
346,6/20/19 17:41,16.939,,,,,
347,6/20/19 18:41,17.058,,,,,
348,6/20/19 19:41,17.153,,,,,
349,6/20/19 20:41,16.987,,,,,
350,6/20/19 21:41,16.725,,,,,
351,6/20/19 22:41,16.153,,,,,
352,6/20/19 23:41,15.676,,,,,
353,6/21/19 0:41,15.199,,,,,
354,6/21/19 1:41,14.673,,,,,
355,6/21/19 2:41,14.146,,,,,
356,6/21/19 3:41,13.594,,,,,
357,6/21/19 4:41,13.185,,,,,
358,6/21/19 5:41,12.92,,,,,
359,6/21/19 6:41,12.847,,,,,
360,6/21/19 7:41,12.968,,,,,
361,6/21/19 8:41,13.257,,,,,
362,6/21/19 9:41,13.69,,,,,
363,6/21/19 10:41,14.29,,,,,
364,6/21/19 11:41,15.055,,,,,
365,6/21/19 12:41,15.939,,,,,
366,6/21/19 13:41,16.796,,,,,
367,6/21/19 14:41,17.605,,,,,
368,6/21/19 15:41,18.343,,,,,
369,6/21/19 16:41,18.295,,,,,
370,6/21/19 17:41,18.699,,,,,
371,6/21/19 18:41,19.032,,,,,
372,6/21/19 19:41,18.771,,,,,
373,6/21/19 20:41,18.438,,,,,
374,6/21/19 21:41,18.057,,,,,
375,6/21/19 22:41,17.629,,,,,
376,6/21/19 23:41,16.963,,,,,
377,6/22/19 0:41,16.582,,,,,
378,6/22/19 1:41,16.201,,,,,
379,6/22/19 2:41,15.676,,,,,
380,6/22/19 3:41,15.175,,,,,
381,6/22/19 4:41,14.745,,,,,
382,6/22/19 5:41,14.553,,,,,
383,6/22/19 6:41,14.553,,,,,
384,6/22/19 7:41,14.577,,,,,
385,6/22/19 8:41,14.745,,,,,
386,6/22/19 9:41,15.055,,,,,
387,6/22/19 10:41,15.533,,,,,
388,6/22/19 11:41,16.344,,,,,
389,6/22/19 12:41,16.82,,,,,
390,6/22/19 13:41,17.272,,,,,
391,6/22/19 14:41,17.296,,,,,
392,6/22/19 15:41,16.82,,,,,
393,6/22/19 16:41,16.82,,,,,
394,6/22/19 17:41,17.272,,,,,
395,6/22/19 18:41,17.582,,,,,
396,6/22/19 19:41,17.344,,,,,
397,6/22/19 20:41,17.177,,,,,
398,6/22/19 21:41,16.939,,,,,
399,6/22/19 22:41,16.82,,,,,
400,6/22/19 23:41,16.773,,,,,
401,6/23/19 0:41,16.558,,,,,
402,6/23/19 1:41,16.201,,,,,
403,6/23/19 2:41,15.843,,,,,
404,6/23/19 3:41,15.533,,,,,
405,6/23/19 4:41,15.223,,,,,
406,6/23/19 5:41,14.96,,,,,
407,6/23/19 6:41,14.768,,,,,
408,6/23/19 7:41,14.768,,,,,
409,6/23/19 8:41,14.984,,,,,
410,6/23/19 9:41,15.318,,,,,
411,6/23/19 10:41,15.772,,,,,
412,6/23/19 11:41,16.296,,,,,
413,6/23/19 12:41,16.796,,,,,
414,6/23/19 13:41,17.011,,,,,
415,6/23/19 14:41,17.534,,,,,
416,6/23/19 15:41,18.057,,,,,
417,6/23/19 16:41,18.913,,,,,
418,6/23/19 17:41,19.555,,,,,
419,6/23/19 18:41,19.746,,,,,
420,6/23/19 19:41,19.222,,,,,
421,6/23/19 20:41,18.913,,,,,
422,6/23/19 21:41,18.485,,,,,
423,6/23/19 22:41,17.915,,,,,
424,6/23/19 23:41,17.391,,,,,
425,6/24/19 0:41,16.987,,,,,
426,6/24/19 1:41,16.582,,,,,
427,6/24/19 2:41,16.177,,,,,
428,6/24/19 3:41,15.724,,,,,
429,6/24/19 4:41,15.294,,,,,
430,6/24/19 5:41,14.96,,,,,
431,6/24/19 6:41,14.721,,,,,
432,6/24/19 7:41,14.792,,,,,
433,6/24/19 8:41,14.96,,,,,
434,6/24/19 9:41,15.008,,,,,
435,6/24/19 10:41,15.175,,,,,
436,6/24/19 11:41,15.748,,,,,
437,6/24/19 12:41,16.296,,,,,
438,6/24/19 13:41,16.844,,,,,
439,6/24/19 14:41,17.796,,,,,
440,6/24/19 15:41,17.249,,,,,
441,6/24/19 16:41,17.034,,,,,
442,6/24/19 17:41,17.486,,,,,
443,6/24/19 18:41,17.106,,,,,
444,6/24/19 19:41,16.915,,,,,
445,6/24/19 20:41,16.963,,,,,
446,6/24/19 21:41,16.892,,,,,
447,6/24/19 22:41,16.701,,,,,
448,6/24/19 23:41,16.368,,,,,
449,6/25/19 0:41,15.963,,,,,
450,6/25/19 1:41,15.652,,,,,
451,6/25/19 2:41,15.39,,,,,
452,6/25/19 3:41,14.984,,,,,
453,6/25/19 4:41,14.625,,,,,
454,6/25/19 5:41,14.385,,,,,
455,6/25/19 6:41,14.29,,,,,
456,6/25/19 7:41,14.29,,,,,
457,6/25/19 8:41,14.481,,,,,
458,6/25/19 9:41,14.84,,,,,
459,6/25/19 10:41,15.581,,,,,
460,6/25/19 11:41,16.296,,,,,
461,6/25/19 12:41,16.225,,,,,
462,6/25/19 13:41,16.915,,,,,
463,6/25/19 14:41,17.915,,,,,
464,6/25/19 15:41,18.438,,,,,
465,6/25/19 16:41,18.105,,,,,
466,6/25/19 17:41,17.796,,,,,
467,6/25/19 18:41,17.843,,,,,
468,6/25/19 19:41,18.319,,,,,
469,6/25/19 20:41,17.986,,,,,
470,6/25/19 21:41,17.629,,,,,
471,6/25/19 22:41,17.177,,,,,
472,6/25/19 23:41,16.868,,,,,
473,6/26/19 0:41,16.558,,,,,
474,6/26/19 1:41,16.249,,,,,
475,6/26/19 2:41,15.867,,,,,
476,6/26/19 3:41,15.414,,,,,
477,6/26/19 4:41,15.031,,,,,
478,6/26/19 5:41,14.745,,,,,
479,6/26/19 6:41,14.577,,,,,
480,6/26/19 7:41,14.457,,,,,
481,6/26/19 8:41,14.625,,,,,
482,6/26/19 9:41,14.984,,,,,
483,6/26/19 10:41,15.509,,,,,
484,6/26/19 11:41,16.201,,,,,
485,6/26/19 12:41,17.106,,,,,
486,6/26/19 13:41,17.486,,,,,
487,6/26/19 14:41,17.51,,,,,
488,6/26/19 15:41,18.105,,,,,
489,6/26/19 16:41,17.938,,,,,
490,6/26/19 17:41,18.699,,,,,
491,6/26/19 18:41,19.008,,,,,
492,6/26/19 19:41,18.842,,,,,
493,6/26/19 20:41,18.343,,,,,
494,6/26/19 21:41,18.152,,,,,
495,6/26/19 22:41,17.772,,,,,
496,6/26/19 23:41,17.201,,,,,
497,6/27/19 0:41,16.725,,,,,
498,6/27/19 1:41,16.368,,,,,
499,6/27/19 2:41,15.963,,,,,
500,6/27/19 3:41,15.438,,,,,
501,6/27/19 4:41,14.912,,,,,
502,6/27/19 5:41,14.505,,,,,
503,6/27/19 6:41,14.29,,,,,
504,6/27/19 7:41,14.29,,,,,
505,6/27/19 8:41,14.553,,,,,
506,6/27/19 9:41,14.96,,,,,
507,6/27/19 10:41,15.533,,,,,
508,6/27/19 11:41,16.296,,,,,
509,6/27/19 12:41,17.106,,,,,
510,6/27/19 13:41,17.819,,,,,
511,6/27/19 14:41,18.604,,,,,
512,6/27/19 15:41,19.222,,,,,
513,6/27/19 16:41,19.77,,,,,
514,6/27/19 17:41,20.15,,,,,
515,6/27/19 18:41,19.912,,,,,
516,6/27/19 19:41,19.936,,,,,
517,6/27/19 20:41,19.674,,,,,
518,6/27/19 21:41,19.484,,,,,
519,6/27/19 22:41,19.222,,,,,
520,6/27/19 23:41,18.723,,,,,
521,6/28/19 0:41,18.2,,,,,
522,6/28/19 1:41,17.819,,,,,
523,6/28/19 2:41,17.439,,,,,
524,6/28/19 3:41,16.963,,,,,
525,6/28/19 4:41,16.534,,,,,
526,6/28/19 5:41,16.225,,,,,
527,6/28/19 6:41,16.082,,,,,
528,6/28/19 7:41,16.106,,,,,
529,6/28/19 8:41,16.249,,,,,
530,6/28/19 9:41,16.487,,,,,
531,6/28/19 10:41,17.344,,,,,
532,6/28/19 11:41,17.772,,,,,
533,6/28/19 12:41,18.675,,,,,
534,6/28/19 13:41,19.484,,,,,
535,6/28/19 14:41,20.293,,,,,
536,6/28/19 15:41,21.008,,,,,
537,6/28/19 16:41,21.056,,,,,
538,6/28/19 17:41,20.96,,,,,
539,6/28/19 18:41,21.318,,,,,
540,6/28/19 19:41,21.772,,,,,
541,6/28/19 20:41,21.533,,,,,
542,6/28/19 21:41,21.199,,,,,
543,6/28/19 22:41,20.46,,,,,
544,6/28/19 23:41,19.746,,,,,
545,6/29/19 0:41,19.27,,,,,
546,6/29/19 1:41,18.818,,,,,
547,6/29/19 2:41,18.295,,,,,
548,6/29/19 3:41,17.724,,,,,
549,6/29/19 4:41,17.177,,,,,
550,6/29/19 5:41,16.701,,,,,
551,6/29/19 6:41,16.415,,,,,
552,6/29/19 7:41,16.415,,,,,
553,6/29/19 8:41,16.654,,,,,
554,6/29/19 9:41,17.034,,,,,
555,6/29/19 10:41,17.439,,,,,
556,6/29/19 11:41,18.105,,,,,
557,6/29/19 12:41,18.866,,,,,
558,6/29/19 13:41,19.698,,,,,
559,6/29/19 14:41,20.436,,,,,
560,6/29/19 15:41,21.103,,,,,
561,6/29/19 16:41,21.676,,,,,
562,6/29/19 17:41,22.011,,,,,
563,6/29/19 18:41,22.178,,,,,
564,6/29/19 19:41,22.106,,,,,
565,6/29/19 20:41,21.819,,,,,
566,6/29/19 21:41,21.485,,,,,
567,6/29/19 22:41,21.079,,,,,
568,6/29/19 23:41,20.674,,,,,
569,6/30/19 0:41,20.246,,,,,
570,6/30/19 1:41,19.746,,,,,
571,6/30/19 2:41,19.246,,,,,
572,6/30/19 3:41,18.794,,,,,
573,6/30/19 4:41,18.39,,,,,
574,6/30/19 5:41,18.033,,,,,
575,6/30/19 6:41,17.724,,,,,
576,6/30/19 7:41,17.51,,,,,
577,6/30/19 8:41,17.677,,,,,
578,6/30/19 9:41,18.057,,,,,
579,6/30/19 10:41,18.628,,,,,
580,6/30/19 11:41,19.436,,,,,
581,6/30/19 12:41,20.293,,,,,
582,6/30/19 13:41,21.199,,,,,
583,6/30/19 14:41,22.13,,,,,
584,6/30/19 15:41,22.011,,,,,
585,6/30/19 16:41,21.963,,,,,
586,6/30/19 17:41,22.561,,,,,
587,6/30/19 18:41,22.657,,,,,
588,6/30/19 19:41,22.561,,,,,
589,6/30/19 20:41,22.25,,,,,
590,6/30/19 21:41,21.915,,,,,
591,6/30/19 22:41,21.604,,,,,
592,6/30/19 23:41,21.246,,,,,
593,7/1/19 0:41,20.865,,,,,
594,7/1/19 1:41,20.436,,,,,
595,7/1/19 2:41,19.912,,,,,
596,7/1/19 3:41,19.365,,,,,
597,7/1/19 4:41,18.866,,,,,
598,7/1/19 5:41,18.485,,,,,
599,7/1/19 6:41,18.271,,,,,
600,7/1/19 7:41,18.2,,,,,
601,7/1/19 8:41,18.129,,,,,
602,7/1/19 9:41,18.343,,,,,
603,7/1/19 10:41,18.842,,,,,
604,7/1/19 11:41,19.27,,,,,
605,7/1/19 12:41,19.627,,,,,
606,7/1/19 13:41,20.579,,,,,
607,7/1/19 14:41,20.269,,,,,
608,7/1/19 15:41,21.103,,,,,
609,7/1/19 16:41,21.008,,,,,
610,7/1/19 17:41,21.103,,,,,
611,7/1/19 18:41,20.984,,,,,
612,7/1/19 19:41,21.246,,,,,
613,7/1/19 20:41,21.246,,,,,
614,7/1/19 21:41,20.913,,,,,
615,7/1/19 22:41,20.341,,,,,
616,7/1/19 23:41,19.817,,,,,
617,7/2/19 0:41,19.294,,,,,
618,7/2/19 1:41,18.913,,,,,
619,7/2/19 2:41,18.509,,,,,
620,7/2/19 3:41,18.033,,,,,
621,7/2/19 4:41,17.653,,,,,
622,7/2/19 5:41,17.368,,,,,
623,7/2/19 6:41,17.13,,,,,
624,7/2/19 7:41,17.034,,,,,
625,7/2/19 8:41,16.963,,,,,
626,7/2/19 9:41,16.82,,,,,
627,7/2/19 10:41,16.82,,,,,
628,7/2/19 11:41,17.153,,,,,
629,7/2/19 12:41,17.605,,,,,
630,7/2/19 13:41,18.39,,,,,
631,7/2/19 14:41,19.151,,,,,
632,7/2/19 15:41,20.103,,,,,
633,7/2/19 16:41,20.174,,,,,
634,7/2/19 17:41,20.293,,,,,
635,7/2/19 18:41,20.484,,,,,
636,7/2/19 19:41,20.198,,,,,
637,7/2/19 20:41,20.031,,,,,
638,7/2/19 21:41,19.698,,,,,
639,7/2/19 22:41,19.246,,,,,
640,7/2/19 23:41,18.889,,,,,
641,7/3/19 0:41,18.438,,,,,
642,7/3/19 1:41,18.057,,,,,
643,7/3/19 2:41,17.629,,,,,
644,7/3/19 3:41,17.082,,,,,
645,7/3/19 4:41,16.582,,,,,
646,7/3/19 5:41,16.177,,,,,
647,7/3/19 6:41,15.915,,,,,
648,7/3/19 7:41,15.939,,,,,
649,7/3/19 8:41,15.939,,,,,
650,7/3/19 9:41,16.534,,,,,
651,7/3/19 10:41,17.082,,,,,
652,7/3/19 11:41,17.796,,,,,
653,7/3/19 12:41,18.438,,,,,
654,7/3/19 13:41,19.579,,,,,
655,7/3/19 14:41,20.246,,,,,
656,7/3/19 15:41,20.388,,,,,
657,7/3/19 16:41,21.318,,,,,
658,7/3/19 17:41,21.437,,,,,
659,7/3/19 18:41,21.342,,,,,
660,7/3/19 19:41,21.008,,,,,
661,7/3/19 20:41,20.96,,,,,
662,7/3/19 21:41,20.841,,,,,
663,7/3/19 22:41,20.484,,,,,
664,7/3/19 23:41,20.079,,,,,
665,7/4/19 0:41,19.555,,,,,
666,7/4/19 1:41,18.985,,,,,
667,7/4/19 2:41,18.58,,,,,
668,7/4/19 3:41,18.271,,,,,
669,7/4/19 4:41,17.772,,,,,
670,7/4/19 5:41,17.272,,,,,
671,7/4/19 6:41,16.987,,,,,
672,7/4/19 7:41,16.963,,,,,
673,7/4/19 8:41,17.034,,,,,
674,7/4/19 9:41,17.058,,,,,
675,7/4/19 10:41,17.724,,,,,
676,7/4/19 11:41,18.675,,,,,
677,7/4/19 12:41,19.436,,,,,
678,7/4/19 13:41,20.555,,,,,
679,7/4/19 14:41,20.603,,,,,
680,7/4/19 15:41,20.603,,,,,
681,7/4/19 16:41,21.748,,,,,
682,7/4/19 17:41,21.939,,,,,
683,7/4/19 18:41,22.298,,,,,
684,7/4/19 19:41,22.106,,,,,
685,7/4/19 20:41,21.772,,,,,
686,7/4/19 21:41,21.533,,,,,
687,7/4/19 22:41,21.032,,,,,
688,7/4/19 23:41,20.722,,,,,
689,7/5/19 0:41,20.317,,,,,
690,7/5/19 1:41,19.793,,,,,
691,7/5/19 2:41,19.318,,,,,
692,7/5/19 3:41,18.771,,,,,
693,7/5/19 4:41,18.152,,,,,
694,7/5/19 5:41,17.629,,,,,
695,7/5/19 6:41,17.272,,,,,
696,7/5/19 7:41,17.225,,,,,
697,7/5/19 8:41,17.439,,,,,
698,7/5/19 9:41,17.843,,,,,
699,7/5/19 10:41,18.438,,,,,
700,7/5/19 11:41,19.222,,,,,
701,7/5/19 12:41,20.15,,,,,
702,7/5/19 13:41,21.056,,,,,
703,7/5/19 14:41,22.011,,,,,
704,7/5/19 15:41,22.537,,,,,
705,7/5/19 16:41,22.609,,,,,
706,7/5/19 17:41,23.352,,,,,
707,7/5/19 18:41,23.352,,,,,
708,7/5/19 19:41,23.208,,,,,
709,7/5/19 20:41,22.729,,,,,
710,7/5/19 21:41,22.226,,,,,
711,7/5/19 22:41,21.795,,,,,
712,7/5/19 23:41,21.342,,,,,
713,7/6/19 0:41,20.77,,,,,
714,7/6/19 1:41,20.198,,,,,
715,7/6/19 2:41,19.484,,,,,
716,7/6/19 3:41,18.913,,,,,
717,7/6/19 4:41,18.438,,,,,
718,7/6/19 5:41,17.915,,,,,
719,7/6/19 6:41,17.486,,,,,
720,7/6/19 7:41,17.344,,,,,
721,7/6/19 8:41,17.463,,,,,
722,7/6/19 9:41,17.819,,,,,
723,7/6/19 10:41,18.438,,,,,
724,7/6/19 11:41,19.294,,,,,
725,7/6/19 12:41,20.246,,,,,
726,7/6/19 13:41,21.199,,,,,
727,7/6/19 14:41,22.034,,,,,
728,7/6/19 15:41,22.729,,,,,
729,7/6/19 16:41,23.28,,,,,
730,7/6/19 17:41,23.617,,,,,
731,7/6/19 18:41,23.665,,,,,
732,7/6/19 19:41,23.4,,,,,
733,7/6/19 20:41,22.92,,,,,
734,7/6/19 21:41,22.465,,,,,
735,7/6/19 22:41,22.058,,,,,
736,7/6/19 23:41,21.604,,,,,
737,7/7/19 0:41,21.103,,,,,
738,7/7/19 1:41,20.555,,,,,
739,7/7/19 2:41,20.007,,,,,
740,7/7/19 3:41,19.532,,,,,
741,7/7/19 4:41,18.985,,,,,
742,7/7/19 5:41,18.557,,,,,
743,7/7/19 6:41,18.2,,,,,
744,7/7/19 7:41,18.01,,,,,
745,7/7/19 8:41,18.01,,,,,
746,7/7/19 9:41,18.247,,,,,
747,7/7/19 10:41,18.699,,,,,
748,7/7/19 11:41,19.389,,,,,
749,7/7/19 12:41,20.341,,,,,
750,7/7/19 13:41,21.294,,,,,
751,7/7/19 14:41,21.461,,,,,
752,7/7/19 15:41,22.058,,,,,
753,7/7/19 16:41,22.202,,,,,
754,7/7/19 17:41,23.328,,,,,
755,7/7/19 18:41,23.4,,,,,
756,7/7/19 19:41,23.376,,,,,
757,7/7/19 20:41,22.681,,,,,
758,7/7/19 21:41,22.082,,,,,
759,7/7/19 22:41,21.724,,,,,
760,7/7/19 23:41,21.294,,,,,
761,7/8/19 0:41,20.793,,,,,
762,7/8/19 1:41,20.341,,,,,
763,7/8/19 2:41,19.817,,,,,
764,7/8/19 3:41,19.27,,,,,
765,7/8/19 4:41,18.723,,,,,
766,7/8/19 5:41,18.2,,,,,
767,7/8/19 6:41,17.819,,,,,
768,7/8/19 7:41,17.629,,,,,
769,7/8/19 8:41,17.629,,,,,
770,7/8/19 9:41,17.748,,,,,
771,7/8/19 10:41,18.033,,,,,
772,7/8/19 11:41,18.39,,,,,
773,7/8/19 12:41,18.889,,,,,
774,7/8/19 13:41,19.46,,,,,
775,7/8/19 14:41,19.96,,,,,
776,7/8/19 15:41,20.317,,,,,
777,7/8/19 16:41,20.531,,,,,
778,7/8/19 17:41,20.627,,,,,
779,7/8/19 18:41,20.674,,,,,
780,7/8/19 19:41,20.484,,,,,
781,7/8/19 20:41,20.198,,,,,
782,7/8/19 21:41,19.984,,,,,
783,7/8/19 22:41,19.674,,,,,
784,7/8/19 23:41,19.246,,,,,
785,7/9/19 0:41,18.866,,,,,
786,7/9/19 1:41,18.461,,,,,
787,7/9/19 2:41,18.105,,,,,
788,7/9/19 3:41,17.701,,,,,
789,7/9/19 4:41,17.177,,,,,
790,7/9/19 5:41,16.773,,,,,
791,7/9/19 6:41,16.534,,,,,
792,7/9/19 7:41,16.296,,,,,
793,7/9/19 8:41,16.344,,,,,
794,7/9/19 9:41,16.582,,,,,
795,7/9/19 10:41,16.915,,,,,
796,7/9/19 11:41,17.391,,,,,
797,7/9/19 12:41,18.105,,,,,
798,7/9/19 13:41,18.866,,,,,
799,7/9/19 14:41,19.627,,,,,
800,7/9/19 15:41,20.293,,,,,
801,7/9/19 16:41,20.865,,,,,
802,7/9/19 17:41,21.294,,,,,
803,7/9/19 18:41,21.461,,,,,
804,7/9/19 19:41,21.39,,,,,
805,7/9/19 20:41,21.246,,,,,
806,7/9/19 21:41,21.032,,,,,
807,7/9/19 22:41,20.65,,,,,
808,7/9/19 23:41,20.15,,,,,
809,7/10/19 0:41,19.651,,,,,
810,7/10/19 1:41,19.175,,,,,
811,7/10/19 2:41,18.675,,,,,
812,7/10/19 3:41,18.152,,,,,
813,7/10/19 4:41,17.629,,,,,
814,7/10/19 5:41,17.177,,,,,
815,7/10/19 6:41,16.796,,,,,
816,7/10/19 7:41,16.582,,,,,
817,7/10/19 8:41,16.487,,,,,
818,7/10/19 9:41,16.558,,,,,
819,7/10/19 10:41,16.939,,,,,
820,7/10/19 11:41,17.439,,,,,
821,7/10/19 12:41,18.247,,,,,
822,7/10/19 13:41,19.151,,,,,
823,7/10/19 14:41,19.936,,,,,
824,7/10/19 15:41,20.674,,,,,
825,7/10/19 16:41,21.199,,,,,
826,7/10/19 17:41,21.557,,,,,
827,7/10/19 18:41,21.7,,,,,
828,7/10/19 19:41,21.485,,,,,
829,7/10/19 20:41,21.199,,,,,
830,7/10/19 21:41,20.984,,,,,
831,7/10/19 22:41,20.746,,,,,
832,7/10/19 23:41,20.436,,,,,
833,7/11/19 0:41,20.007,,,,,
834,7/11/19 1:41,19.579,,,,,
835,7/11/19 2:41,19.103,,,,,
836,7/11/19 3:41,18.652,,,,,
837,7/11/19 4:41,18.271,,,,,
838,7/11/19 5:41,17.796,,,,,
839,7/11/19 6:41,17.486,,,,,
840,7/11/19 7:41,17.225,,,,,
841,7/11/19 8:41,17.13,,,,,
842,7/11/19 9:41,17.177,,,,,
843,7/11/19 10:41,17.439,,,,,
844,7/11/19 11:41,17.891,,,,,
845,7/11/19 12:41,18.176,,,,,
846,7/11/19 13:41,18.39,,,,,
847,7/11/19 14:41,18.604,,,,,
848,7/11/19 15:41,19.389,,,,,
849,7/11/19 16:41,19.841,,,,,
850,7/11/19 17:41,19.817,,,,,
851,7/11/19 18:41,19.627,,,,,
852,7/11/19 19:41,19.436,,,,,
853,7/11/19 20:41,19.436,,,,,
854,7/11/19 21:41,19.222,,,,,
855,7/11/19 22:41,19.008,,,,,
856,7/11/19 23:41,18.794,,,,,
857,7/12/19 0:41,18.509,,,,,
858,7/12/19 1:41,18.247,,,,,
859,7/12/19 2:41,18.01,,,,,
860,7/12/19 3:41,17.677,,,,,
861,7/12/19 4:41,17.439,,,,,
862,7/12/19 5:41,17.153,,,,,
863,7/12/19 6:41,16.868,,,,,
864,7/12/19 7:41,16.606,,,,,
865,7/12/19 8:41,16.392,,,,,
866,7/12/19 9:41,16.272,,,,,
867,7/12/19 10:41,16.153,,,,,
868,7/12/19 11:41,16.106,,,,,
869,7/12/19 12:41,16.32,,,,,
870,7/12/19 13:41,16.392,,,,,
871,7/12/19 14:41,16.868,,,,,
872,7/12/19 15:41,17.13,,,,,
873,7/12/19 16:41,17.463,,,,,
874,7/12/19 17:41,17.439,,,,,
875,7/12/19 18:41,17.296,,,,,
876,7/12/19 19:41,17.153,,,,,
877,7/12/19 20:41,17.177,,,,,
878,7/12/19 21:41,16.939,,,,,
879,7/12/19 22:41,16.677,,,,,
880,7/12/19 23:41,16.487,,,,,
881,7/13/19 0:41,16.344,,,,,
882,7/13/19 1:41,16.177,,,,,
883,7/13/19 2:41,16.058,,,,,
884,7/13/19 3:41,15.915,,,,,
885,7/13/19 4:41,15.772,,,,,
886,7/13/19 5:41,15.605,,,,,
887,7/13/19 6:41,15.438,,,,,
888,7/13/19 7:41,15.39,,,,,
889,7/13/19 8:41,15.414,,,,,
890,7/13/19 9:41,15.605,,,,,
891,7/13/19 10:41,15.939,,,,,
892,7/13/19 11:41,16.701,,,,,
893,7/13/19 12:41,17.486,,,,,
894,7/13/19 13:41,18.247,,,,,
895,7/13/19 14:41,17.51,,,,,
896,7/13/19 15:41,18.129,,,,,
897,7/13/19 16:41,19.08,,,,,
898,7/13/19 17:41,19.389,,,,,
899,7/13/19 18:41,19.27,,,,,
900,7/13/19 19:41,19.27,,,,,
901,7/13/19 20:41,18.985,,,,,
902,7/13/19 21:41,18.747,,,,,
903,7/13/19 22:41,18.319,,,,,
904,7/13/19 23:41,17.891,,,,,
905,7/14/19 0:41,17.486,,,,,
906,7/14/19 1:41,17.058,,,,,
907,7/14/19 2:41,16.534,,,,,
908,7/14/19 3:41,15.891,,,,,
909,7/14/19 4:41,15.294,,,,,
910,7/14/19 5:41,14.792,,,,,
911,7/14/19 6:41,14.409,,,,,
912,7/14/19 7:41,14.218,,,,,
913,7/14/19 8:41,14.314,,,,,
914,7/14/19 9:41,14.457,,,,,
915,7/14/19 10:41,14.721,,,,,
916,7/14/19 11:41,15.247,,,,,
917,7/14/19 12:41,15.986,,,,,
918,7/14/19 13:41,16.511,,,,,
919,7/14/19 14:41,17.153,,,,,
920,7/14/19 15:41,17.772,,,,,
921,7/14/19 16:41,18.343,,,,,
922,7/14/19 17:41,18.58,,,,,
923,7/14/19 18:41,18.604,,,,,
924,7/14/19 19:41,18.366,,,,,
925,7/14/19 20:41,18.057,,,,,
926,7/14/19 21:41,17.819,,,,,
927,7/14/19 22:41,17.534,,,,,
928,7/14/19 23:41,17.082,,,,,
929,7/15/19 0:41,16.654,,,,,
930,7/15/19 1:41,16.249,,,,,
931,7/15/19 2:41,15.939,,,,,
932,7/15/19 3:41,15.533,,,,,
933,7/15/19 4:41,15.055,,,,,
934,7/15/19 5:41,14.649,,,,,
935,7/15/19 6:41,14.361,,,,,
936,7/15/19 7:41,14.074,,,,,
937,7/15/19 8:41,13.954,,,,,
938,7/15/19 9:41,14.122,,,,,
939,7/15/19 10:41,14.29,,,,,
940,7/15/19 11:41,15.079,,,,,
941,7/15/19 12:41,16.01,,,,,
942,7/15/19 13:41,16.534,,,,,
943,7/15/19 14:41,17.296,,,,,
944,7/15/19 15:41,17.843,,,,,
945,7/15/19 16:41,18.152,,,,,
946,7/15/19 17:41,18.866,,,,,
947,7/15/19 18:41,18.818,,,,,
948,7/15/19 19:41,18.628,,,,,
949,7/15/19 20:41,18.01,,,,,
950,7/15/19 21:41,17.582,,,,,
951,7/15/19 22:41,17.201,,,,,
952,7/15/19 23:41,16.844,,,,,
953,7/16/19 0:41,16.487,,,,,
954,7/16/19 1:41,16.058,,,,,
955,7/16/19 2:41,15.461,,,,,
956,7/16/19 3:41,14.936,,,,,
957,7/16/19 4:41,14.481,,,,,
958,7/16/19 5:41,14.05,,,,,
959,7/16/19 6:41,13.738,,,,,
960,7/16/19 7:41,13.546,,,,,
961,7/16/19 8:41,13.618,,,,,
962,7/16/19 9:41,13.882,,,,,
963,7/16/19 10:41,14.337,,,,,
964,7/16/19 11:41,15.031,,,,,
965,7/16/19 12:41,15.915,,,,,
966,7/16/19 13:41,16.773,,,,,
967,7/16/19 14:41,17.558,,,,,
968,7/16/19 15:41,18.295,,,,,
969,7/16/19 16:41,19.056,,,,,
970,7/16/19 17:41,18.985,,,,,
971,7/16/19 18:41,19.08,,,,,
972,7/16/19 19:41,18.818,,,,,
973,7/16/19 20:41,18.675,,,,,
974,7/16/19 21:41,18.509,,,,,
975,7/16/19 22:41,18.105,,,,,
976,7/16/19 23:41,17.701,,,,,
977,7/17/19 0:41,17.082,,,,,
978,7/17/19 1:41,16.463,,,,,
979,7/17/19 2:41,16.058,,,,,
980,7/17/19 3:41,15.724,,,,,
981,7/17/19 4:41,15.39,,,,,
982,7/17/19 5:41,15.055,,,,,
983,7/17/19 6:41,14.697,,,,,
984,7/17/19 7:41,14.505,,,,,
985,7/17/19 8:41,14.505,,,,,
986,7/17/19 9:41,14.721,,,,,
987,7/17/19 10:41,15.151,,,,,
988,7/17/19 11:41,15.461,,,,,
989,7/17/19 12:41,16.058,,,,,
990,7/17/19 13:41,16.963,,,,,
991,7/17/19 14:41,17.629,,,,,
992,7/17/19 15:41,17.915,,,,,
993,7/17/19 16:41,18.699,,,,,
994,7/17/19 17:41,18.747,,,,,
995,7/17/19 18:41,18.771,,,,,
996,7/17/19 19:41,18.699,,,,,
997,7/17/19 20:41,18.461,,,,,
998,7/17/19 21:41,18.105,,,,,
999,7/17/19 22:41,17.629,,,,,
1000,7/17/19 23:41,17.296,,,,,
1001,7/18/19 0:41,16.915,,,,,
1002,7/18/19 1:41,16.511,,,,,
1003,7/18/19 2:41,16.034,,,,,
1004,7/18/19 3:41,15.533,,,,,
1005,7/18/19 4:41,15.103,,,,,
1006,7/18/19 5:41,14.721,,,,,
1007,7/18/19 6:41,14.385,,,,,
1008,7/18/19 7:41,14.242,,,,,
1009,7/18/19 8:41,14.385,,,,,
1010,7/18/19 9:41,14.625,,,,,
1011,7/18/19 10:41,15.151,,,,,
1012,7/18/19 11:41,15.986,,,,,
1013,7/18/19 12:41,17.153,,,,,
1014,7/18/19 13:41,18.2,,,,,
1015,7/18/19 14:41,17.439,,,,,
1016,7/18/19 15:41,17.534,,,,,
1017,7/18/19 16:41,19.056,,,,,
1018,7/18/19 17:41,19.222,,,,,
1019,7/18/19 18:41,19.698,,,,,
1020,7/18/19 19:41,19.698,,,,,
1021,7/18/19 20:41,19.341,,,,,
1022,7/18/19 21:41,18.937,,,,,
1023,7/18/19 22:41,18.628,,,,,
1024,7/18/19 23:41,18.224,,,,,
1025,7/19/19 0:41,17.819,,,,,
1026,7/19/19 1:41,17.51,,,,,
1027,7/19/19 2:41,17.106,,,,,
1028,7/19/19 3:41,16.63,,,,,
1029,7/19/19 4:41,16.106,,,,,
1030,7/19/19 5:41,15.676,,,,,
1031,7/19/19 6:41,15.485,,,,,
1032,7/19/19 7:41,15.39,,,,,
1033,7/19/19 8:41,15.438,,,,,
1034,7/19/19 9:41,15.533,,,,,
1035,7/19/19 10:41,16.082,,,,,
1036,7/19/19 11:41,16.82,,,,,
1037,7/19/19 12:41,17.772,,,,,
1038,7/19/19 13:41,18.723,,,,,
1039,7/19/19 14:41,19.555,,,,,
1040,7/19/19 15:41,18.699,,,,,
1041,7/19/19 16:41,18.533,,,,,
1042,7/19/19 17:41,19.08,,,,,
1043,7/19/19 18:41,18.985,,,,,
1044,7/19/19 19:41,18.866,,,,,
1045,7/19/19 20:41,18.866,,,,,
1046,7/19/19 21:41,18.699,,,,,
1047,7/19/19 22:41,18.438,,,,,
1048,7/19/19 23:41,18.129,,,,,
1049,7/20/19 0:41,17.772,,,,,
1050,7/20/19 1:41,17.534,,,,,
1051,7/20/19 2:41,17.225,,,,,
1052,7/20/19 3:41,16.868,,,,,
1053,7/20/19 4:41,16.487,,,,,
1054,7/20/19 5:41,16.153,,,,,
1055,7/20/19 6:41,15.819,,,,,
1056,7/20/19 7:41,15.629,,,,,
1057,7/20/19 8:41,15.533,,,,,
1058,7/20/19 9:41,15.652,,,,,
1059,7/20/19 10:41,15.963,,,,,
1060,7/20/19 11:41,16.677,,,,,
1061,7/20/19 12:41,17.082,,,,,
1062,7/20/19 13:41,17.772,,,,,
1063,7/20/19 14:41,17.653,,,,,
1064,7/20/19 15:41,18.937,,,,,
1065,7/20/19 16:41,17.701,,,,,
1066,7/20/19 17:41,18.414,,,,,
1067,7/20/19 18:41,18.58,,,,,
1068,7/20/19 19:41,18.557,,,,,
1069,7/20/19 20:41,18.438,,,,,
1070,7/20/19 21:41,18.01,,,,,
1071,7/20/19 22:41,17.724,,,,,
1072,7/20/19 23:41,17.486,,,,,
1073,7/21/19 0:41,17.106,,,,,
1074,7/21/19 1:41,16.511,,,,,
1075,7/21/19 2:41,15.963,,,,,
1076,7/21/19 3:41,15.485,,,,,
1077,7/21/19 4:41,14.96,,,,,
1078,7/21/19 5:41,14.481,,,,,
1079,7/21/19 6:41,14.122,,,,,
1080,7/21/19 7:41,14.002,,,,,
1081,7/21/19 8:41,14.122,,,,,
1082,7/21/19 9:41,14.433,,,,,
1083,7/21/19 10:41,15.008,,,,,
1084,7/21/19 11:41,15.867,,,,,
1085,7/21/19 12:41,16.82,,,,,
1086,7/21/19 13:41,17.819,,,,,
1087,7/21/19 14:41,17.796,,,,,
1088,7/21/19 15:41,18.913,,,,,
1089,7/21/19 16:41,19.46,,,,,
1090,7/21/19 17:41,20.126,,,,,
1091,7/21/19 18:41,20.293,,,,,
1092,7/21/19 19:41,20.126,,,,,
1093,7/21/19 20:41,19.793,,,,,
1094,7/21/19 21:41,19.27,,,,,
1095,7/21/19 22:41,18.866,,,,,
1096,7/21/19 23:41,18.699,,,,,
1097,7/22/19 0:41,18.295,,,,,
1098,7/22/19 1:41,17.748,,,,,
1099,7/22/19 2:41,17.415,,,,,
1100,7/22/19 3:41,17.13,,,,,
1101,7/22/19 4:41,16.701,,,,,
1102,7/22/19 5:41,16.225,,,,,
1103,7/22/19 6:41,15.843,,,,,
1104,7/22/19 7:41,15.652,,,,,
1105,7/22/19 8:41,15.676,,,,,
1106,7/22/19 9:41,15.867,,,,,
1107,7/22/19 10:41,16.225,,,,,
1108,7/22/19 11:41,16.654,,,,,
1109,7/22/19 12:41,17.534,,,,,
1110,7/22/19 13:41,18.461,,,,,
1111,7/22/19 14:41,19.175,,,,,
1112,7/22/19 15:41,19.912,,,,,
1113,7/22/19 16:41,20.388,,,,,
1114,7/22/19 17:41,20.817,,,,,
1115,7/22/19 18:41,20.46,,,,,
1116,7/22/19 19:41,20.579,,,,,
1117,7/22/19 20:41,20.222,,,,,
1118,7/22/19 21:41,20.055,,,,,
1119,7/22/19 22:41,19.841,,,,,
1120,7/22/19 23:41,19.532,,,,,
1121,7/23/19 0:41,19.127,,,,,
1122,7/23/19 1:41,18.699,,,,,
1123,7/23/19 2:41,18.224,,,,,
1124,7/23/19 3:41,17.843,,,,,
1125,7/23/19 4:41,17.391,,,,,
1126,7/23/19 5:41,16.868,,,,,
1127,7/23/19 6:41,16.415,,,,,
1128,7/23/19 7:41,16.225,,,,,
1129,7/23/19 8:41,16.272,,,,,
1130,7/23/19 9:41,16.487,,,,,
1131,7/23/19 10:41,16.963,,,,,
1132,7/23/19 11:41,17.13,,,,,
1133,7/23/19 12:41,17.058,,,,,
1134,7/23/19 13:41,17.249,,,,,
1135,7/23/19 14:41,17.677,,,,,
1136,7/23/19 15:41,17.534,,,,,
1137,7/23/19 16:41,17.415,,,,,
1138,7/23/19 17:41,17.748,,,,,
1139,7/23/19 18:41,18.152,,,,,
1140,7/23/19 19:41,18.176,,,,,
1141,7/23/19 20:41,17.843,,,,,
1142,7/23/19 21:41,17.534,,,,,
1143,7/23/19 22:41,17.368,,,,,
1144,7/23/19 23:41,17.106,,,,,
1145,7/24/19 0:41,16.868,,,,,
1146,7/24/19 1:41,16.654,,,,,
1147,7/24/19 2:41,16.368,,,,,
1148,7/24/19 3:41,16.058,,,,,
1149,7/24/19 4:41,15.7,,,,,
1150,7/24/19 5:41,15.342,,,,,
1151,7/24/19 6:41,15.127,,,,,
1152,7/24/19 7:41,14.936,,,,,
1153,7/24/19 8:41,14.984,,,,,
1154,7/24/19 9:41,15.199,,,,,
1155,7/24/19 10:41,15.748,,,,,
1156,7/24/19 11:41,16.439,,,,,
1157,7/24/19 12:41,16.534,,,,,
1158,7/24/19 13:41,16.963,,,,,
1159,7/24/19 14:41,16.963,,,,,
1160,7/24/19 15:41,17.415,,,,,
1161,7/24/19 16:41,17.677,,,,,
1162,7/24/19 17:41,18.2,,,,,
1163,7/24/19 18:41,18.01,,,,,
1164,7/24/19 19:41,17.962,,,,,
1165,7/24/19 20:41,17.724,,,,,
1166,7/24/19 21:41,17.486,,,,,
1167,7/24/19 22:41,17.344,,,,,
1168,7/24/19 23:41,17.201,,,,,
1169,7/25/19 0:41,17.011,,,,,
1170,7/25/19 1:41,16.701,,,,,
1171,7/25/19 2:41,16.392,,,,,
1172,7/25/19 3:41,16.058,,,,,
1173,7/25/19 4:41,15.676,,,,,
1174,7/25/19 5:41,15.342,,,,,
1175,7/25/19 6:41,15.079,,,,,
1176,7/25/19 7:41,14.864,,,,,
1177,7/25/19 8:41,14.697,,,,,
1178,7/25/19 9:41,14.625,,,,,
1179,7/25/19 10:41,14.601,,,,,
1180,7/25/19 11:41,14.625,,,,,
1181,7/25/19 12:41,14.697,,,,,
1182,7/25/19 13:41,14.888,,,,,
1183,7/25/19 14:41,15.294,,,,,
1184,7/25/19 15:41,15.342,,,,,
1185,7/25/19 16:41,15.318,,,,,
1186,7/25/19 17:41,15.199,,,,,
1187,7/25/19 18:41,15.008,,,,,
1188,7/25/19 19:41,14.888,,,,,
1189,7/25/19 20:41,14.768,,,,,
1190,7/25/19 21:41,14.625,,,,,
1191,7/25/19 22:41,14.433,,,,,
1192,7/25/19 23:41,14.218,,,,,
1193,7/26/19 0:41,13.978,,,,,
1194,7/26/19 1:41,13.762,,,,,
1195,7/26/19 2:41,13.546,,,,,
1196,7/26/19 3:41,13.353,,,,,
1197,7/26/19 4:41,13.185,,,,,
1198,7/26/19 5:41,13.016,,,,,
1199,7/26/19 6:41,12.871,,,,,
1200,7/26/19 7:41,12.751,,,,,
1201,7/26/19 8:41,12.63,,,,,
1202,7/26/19 9:41,12.534,,,,,
1203,7/26/19 10:41,12.534,,,,,
1204,7/26/19 11:41,12.606,,,,,
1205,7/26/19 12:41,12.678,,,,,
1206,7/26/19 13:41,12.871,,,,,
1207,7/26/19 14:41,12.968,,,,,
1208,7/26/19 15:41,13.088,,,,,
1209,7/26/19 16:41,13.233,,,,,
1210,7/26/19 17:41,13.161,,,,,
1211,7/26/19 18:41,13.161,,,,,
1212,7/26/19 19:41,13.137,,,,,
1213,7/26/19 20:41,12.992,,,,,
1214,7/26/19 21:41,12.871,,,,,
1215,7/26/19 22:41,12.751,,,,,
1216,7/26/19 23:41,12.582,,,,,
1217,7/27/19 0:41,12.364,,,,,
1218,7/27/19 1:41,12.171,,,,,
1219,7/27/19 2:41,12.001,,,,,
1220,7/27/19 3:41,11.88,,,,,
1221,7/27/19 4:41,11.759,,,,,
1222,7/27/19 5:41,11.637,,,,,
1223,7/27/19 6:41,11.565,,,,,
1224,7/27/19 7:41,11.516,,,,,
1225,7/27/19 8:41,11.637,,,,,
1226,7/27/19 9:41,11.807,,,,,
1227,7/27/19 10:41,12.001,,,,,
1228,7/27/19 11:41,12.195,,,,,
1229,7/27/19 12:41,12.509,,,,,
1230,7/27/19 13:41,13.016,,,,,
1231,7/27/19 14:41,13.57,,,,,
1232,7/27/19 15:41,13.858,,,,,
1233,7/27/19 16:41,14.098,,,,,
1234,7/27/19 17:41,14.17,,,,,
1235,7/27/19 18:41,13.81,,,,,
1236,7/27/19 19:41,13.762,,,,,
1237,7/27/19 20:41,13.618,,,,,
1238,7/27/19 21:41,13.425,,,,,
1239,7/27/19 22:41,13.161,,,,,
1240,7/27/19 23:41,12.871,,,,,
1241,7/28/19 0:41,12.703,,,,,
1242,7/28/19 1:41,12.485,,,,,
1243,7/28/19 2:41,12.292,,,,,
1244,7/28/19 3:41,12.074,,,,,
1245,7/28/19 4:41,11.856,,,,,
1246,7/28/19 5:41,11.637,,,,,
1247,7/28/19 6:41,11.516,,,,,
1248,7/28/19 7:41,11.492,,,,,
1249,7/28/19 8:41,11.613,,,,,
1250,7/28/19 9:41,12.001,,,,,
1251,7/28/19 10:41,12.243,,,,,
1252,7/28/19 11:41,12.678,,,,,
1253,7/28/19 12:41,13.257,,,,,
1254,7/28/19 13:41,13.858,,,,,
1255,7/28/19 14:41,14.409,,,,,
1256,7/28/19 15:41,14.601,,,,,
1257,7/28/19 16:41,14.577,,,,,
1258,7/28/19 17:41,14.553,,,,,
1259,7/28/19 18:41,14.912,,,,,
1260,7/28/19 19:41,14.816,,,,,
1261,7/28/19 20:41,14.721,,,,,
1262,7/28/19 21:41,14.649,,,,,
1263,7/28/19 22:41,14.577,,,,,
1264,7/28/19 23:41,14.409,,,,,
1265,7/29/19 0:41,14.026,,,,,
1266,7/29/19 1:41,13.714,,,,,
1267,7/29/19 2:41,13.353,,,,,
1268,7/29/19 3:41,12.992,,,,,
1269,7/29/19 4:41,12.582,,,,,
1270,7/29/19 5:41,12.195,,,,,
1271,7/29/19 6:41,11.953,,,,,
1272,7/29/19 7:41,11.904,,,,,
1273,7/29/19 8:41,11.977,,,,,
1274,7/29/19 9:41,12.098,,,,,
1275,7/29/19 10:41,12.364,,,,,
1276,7/29/19 11:41,12.799,,,,,
1277,7/29/19 12:41,13.738,,,,,
1278,7/29/19 13:41,14.146,,,,,
1279,7/29/19 14:41,14.194,,,,,
1280,7/29/19 15:41,14.266,,,,,
1281,7/29/19 16:41,14.649,,,,,
1282,7/29/19 17:41,15.008,,,,,
1283,7/29/19 18:41,15.175,,,,,
1284,7/29/19 19:41,14.984,,,,,
1285,7/29/19 20:41,14.888,,,,,
1286,7/29/19 21:41,15.008,,,,,
1287,7/29/19 22:41,14.984,,,,,
1288,7/29/19 23:41,14.673,,,,,
1289,7/30/19 0:41,14.242,,,,,
1290,7/30/19 1:41,13.954,,,,,
1291,7/30/19 2:41,13.666,,,,,
1292,7/30/19 3:41,13.305,,,,,
1293,7/30/19 4:41,12.944,,,,,
1294,7/30/19 5:41,12.654,,,,,
1295,7/30/19 6:41,12.413,,,,,
1296,7/30/19 7:41,12.316,,,,,
1297,7/30/19 8:41,12.461,,,,,
1298,7/30/19 9:41,12.751,,,,,
1299,7/30/19 10:41,13.233,,,,,
1300,7/30/19 11:41,13.954,,,,,
1301,7/30/19 12:41,14.84,,,,,
1302,7/30/19 13:41,15.294,,,,,
1303,7/30/19 14:41,15.676,,,,,
1304,7/30/19 15:41,16.439,,,,,
1305,7/30/19 16:41,16.106,,,,,
1306,7/30/19 17:41,16.487,,,,,
1307,7/30/19 18:41,16.249,,,,,
1308,7/30/19 19:41,16.32,,,,,
1309,7/30/19 20:41,15.915,,,,,
1310,7/30/19 21:41,15.676,,,,,
1311,7/30/19 22:41,15.557,,,,,
1312,7/30/19 23:41,15.39,,,,,
1313,7/31/19 0:41,15.031,,,,,
1314,7/31/19 1:41,14.625,,,,,
1315,7/31/19 2:41,14.29,,,,,
1316,7/31/19 3:41,13.906,,,,,
1317,7/31/19 4:41,13.546,,,,,
1318,7/31/19 5:41,13.185,,,,,
1319,7/31/19 6:41,12.944,,,,,
1320,7/31/19 7:41,12.823,,,,,
1321,7/31/19 8:41,12.92,,,,,
1322,7/31/19 9:41,13.137,,,,,
1323,7/31/19 10:41,13.57,,,,,
1324,7/31/19 11:41,14.242,,,,,
1325,7/31/19 12:41,14.984,,,,,
1326,7/31/19 13:41,15.605,,,,,
1327,7/31/19 14:41,15.939,,,,,
1328,7/31/19 15:41,16.511,,,,,
1329,7/31/19 16:41,17.011,,,,,
1330,7/31/19 17:41,17.177,,,,,
1331,7/31/19 18:41,17.177,,,,,
1332,7/31/19 19:41,16.749,,,,,
1333,7/31/19 20:41,16.606,,,,,
1334,7/31/19 21:41,16.368,,,,,
1335,7/31/19 22:41,16.106,,,,,
1336,7/31/19 23:41,15.867,,,,,
1337,8/1/19 0:41,15.533,,,,,
1338,8/1/19 1:41,15.223,,,,,
1339,8/1/19 2:41,14.96,,,,,
1340,8/1/19 3:41,14.697,,,,,
1341,8/1/19 4:41,14.409,,,,,
1342,8/1/19 5:41,14.146,,,,,
1343,8/1/19 6:41,13.954,,,,,
1344,8/1/19 7:41,13.81,,,,,
1345,8/1/19 8:41,13.762,,,,,
1346,8/1/19 9:41,13.906,,,,,
1347,8/1/19 10:41,13.978,,,,,
1348,8/1/19 11:41,13.978,,,,,
1349,8/1/19 12:41,14.146,,,,,
1350,8/1/19 13:41,14.385,,,,,
1351,8/1/19 14:41,14.625,,,,,
1352,8/1/19 15:41,14.912,,,,,
1353,8/1/19 16:41,15.175,,,,,
1354,8/1/19 17:41,15.461,,,,,
1355,8/1/19 18:41,15.461,,,,,
1356,8/1/19 19:41,15.366,,,,,
1357,8/1/19 20:41,15.247,,,,,
1358,8/1/19 21:41,15.008,,,,,
1359,8/1/19 22:41,14.84,,,,,
1360,8/1/19 23:41,14.649,,,,,
1361,8/2/19 0:41,14.337,,,,,
1362,8/2/19 1:41,14.098,,,,,
1363,8/2/19 2:41,13.834,,,,,
1364,8/2/19 3:41,13.57,,,,,
1365,8/2/19 4:41,13.329,,,,,
1366,8/2/19 5:41,13.088,,,,,
1367,8/2/19 6:41,12.823,,,,,
1368,8/2/19 7:41,12.63,,,,,
1369,8/2/19 8:41,12.678,,,,,
1370,8/2/19 9:41,12.823,,,,,
1371,8/2/19 10:41,13.064,,,,,
1372,8/2/19 11:41,13.594,,,,,
1373,8/2/19 12:41,14.314,,,,,
1374,8/2/19 13:41,15.031,,,,,
1375,8/2/19 14:41,15.819,,,,,
1376,8/2/19 15:41,15.7,,,,,
1377,8/2/19 16:41,16.153,,,,,
1378,8/2/19 17:41,16.201,,,,,
1379,8/2/19 18:41,16.106,,,,,
1380,8/2/19 19:41,16.01,,,,,
1381,8/2/19 20:41,15.915,,,,,
1382,8/2/19 21:41,15.796,,,,,
1383,8/2/19 22:41,15.581,,,,,
1384,8/2/19 23:41,15.342,,,,,
1385,8/3/19 0:41,15.151,,,,,
1386,8/3/19 1:41,14.816,,,,,
1387,8/3/19 2:41,14.481,,,,,
1388,8/3/19 3:41,14.098,,,,,
1389,8/3/19 4:41,13.69,,,,,
1390,8/3/19 5:41,13.329,,,,,
1391,8/3/19 6:41,13.04,,,,,
1392,8/3/19 7:41,12.968,,,,,
1393,8/3/19 8:41,13.016,,,,,
1394,8/3/19 9:41,13.377,,,,,
1395,8/3/19 10:41,13.93,,,,,
1396,8/3/19 11:41,14.553,,,,,
1397,8/3/19 12:41,14.96,,,,,
1398,8/3/19 13:41,16.01,,,,,
1399,8/3/19 14:41,16.844,,,,,
1400,8/3/19 15:41,17.582,,,,,
1401,8/3/19 16:41,17.867,,,,,
1402,8/3/19 17:41,17.915,,,,,
1403,8/3/19 18:41,17.819,,,,,
1404,8/3/19 19:41,17.629,,,,,
1405,8/3/19 20:41,17.582,,,,,
1406,8/3/19 21:41,17.415,,,,,
1407,8/3/19 22:41,17.177,,,,,
1408,8/3/19 23:41,16.915,,,,,
1409,8/4/19 0:41,16.606,,,,,
1410,8/4/19 1:41,16.32,,,,,
1411,8/4/19 2:41,16.082,,,,,
1412,8/4/19 3:41,15.772,,,,,
1413,8/4/19 4:41,15.438,,,,,
1414,8/4/19 5:41,15.151,,,,,
1415,8/4/19 6:41,14.84,,,,,
1416,8/4/19 7:41,14.745,,,,,
1417,8/4/19 8:41,14.768,,,,,
1418,8/4/19 9:41,14.792,,,,,
1419,8/4/19 10:41,14.888,,,,,
1420,8/4/19 11:41,15.27,,,,,
1421,8/4/19 12:41,15.7,,,,,
1422,8/4/19 13:41,16.225,,,,,
1423,8/4/19 14:41,17.011,,,,,
1424,8/4/19 15:41,17.582,,,,,
1425,8/4/19 16:41,17.915,,,,,
1426,8/4/19 17:41,17.772,,,,,
1427,8/4/19 18:41,17.819,,,,,
1428,8/4/19 19:41,17.653,,,,,
1429,8/4/19 20:41,17.558,,,,,
1430,8/4/19 21:41,17.368,,,,,
1431,8/4/19 22:41,17.082,,,,,
1432,8/4/19 23:41,16.82,,,,,
1433,8/5/19 0:41,16.582,,,,,
1434,8/5/19 1:41,16.368,,,,,
1435,8/5/19 2:41,16.129,,,,,
1436,8/5/19 3:41,15.891,,,,,
1437,8/5/19 4:41,15.652,,,,,
1438,8/5/19 5:41,15.438,,,,,
1439,8/5/19 6:41,15.27,,,,,
1440,8/5/19 7:41,15.175,,,,,
1441,8/5/19 8:41,15.175,,,,,
1442,8/5/19 9:41,15.247,,,,,
1443,8/5/19 10:41,15.438,,,,,
1444,8/5/19 11:41,15.819,,,,,
1445,8/5/19 12:41,16.058,,,,,
1446,8/5/19 13:41,16.892,,,,,
1447,8/5/19 14:41,16.63,,,,,
1448,8/5/19 15:41,17.201,,,,,
1449,8/5/19 16:41,17.368,,,,,
1450,8/5/19 17:41,17.677,,,,,
1451,8/5/19 18:41,17.724,,,,,
1452,8/5/19 19:41,17.605,,,,,
1453,8/5/19 20:41,17.463,,,,,
1454,8/5/19 21:41,17.344,,,,,
1455,8/5/19 22:41,17.153,,,,,
1456,8/5/19 23:41,16.963,,,,,
1457,8/6/19 0:41,16.677,,,,,
1458,8/6/19 1:41,16.368,,,,,
1459,8/6/19 2:41,16.058,,,,,
1460,8/6/19 3:41,15.819,,,,,
1461,8/6/19 4:41,15.557,,,,,
1462,8/6/19 5:41,15.294,,,,,
1463,8/6/19 6:41,15.079,,,,,
1464,8/6/19 7:41,14.936,,,,,
1465,8/6/19 8:41,14.936,,,,,
1466,8/6/19 9:41,15.294,,,,,
1467,8/6/19 10:41,15.533,,,,,
1468,8/6/19 11:41,15.629,,,,,
1469,8/6/19 12:41,15.7,,,,,
1470,8/6/19 13:41,16.249,,,,,
1471,8/6/19 14:41,16.82,,,,,
1472,8/6/19 15:41,16.963,,,,,
1473,8/6/19 16:41,16.987,,,,,
1474,8/6/19 17:41,17.153,,,,,
1475,8/6/19 18:41,17.106,,,,,
1476,8/6/19 19:41,16.987,,,,,
1477,8/6/19 20:41,16.868,,,,,
1478,8/6/19 21:41,16.582,,,,,
1479,8/6/19 22:41,16.201,,,,,
1480,8/6/19 23:41,15.843,,,,,
1481,8/7/19 0:41,15.438,,,,,
1482,8/7/19 1:41,14.984,,,,,
1483,8/7/19 2:41,14.601,,,,,
1484,8/7/19 3:41,14.409,,,,,
1485,8/7/19 4:41,14.17,,,,,
1486,8/7/19 5:41,13.834,,,,,
1487,8/7/19 6:41,13.546,,,,,
1488,8/7/19 7:41,13.425,,,,,
1489,8/7/19 8:41,13.425,,,,,
1490,8/7/19 9:41,13.618,,,,,
1491,8/7/19 10:41,13.834,,,,,
1492,8/7/19 11:41,14.601,,,,,
1493,8/7/19 12:41,14.96,,,,,
1494,8/7/19 13:41,15.485,,,,,
1495,8/7/19 14:41,15.891,,,,,
1496,8/7/19 15:41,16.106,,,,,
1497,8/7/19 16:41,16.534,,,,,
1498,8/7/19 17:41,16.534,,,,,
1499,8/7/19 18:41,16.725,,,,,
1500,8/7/19 19:41,16.487,,,,,
1501,8/7/19 20:41,16.225,,,,,
1502,8/7/19 21:41,15.915,,,,,
1503,8/7/19 22:41,15.485,,,,,
1504,8/7/19 23:41,15.199,,,,,
1505,8/8/19 0:41,14.912,,,,,
1506,8/8/19 1:41,14.625,,,,,
1507,8/8/19 2:41,14.146,,,,,
1508,8/8/19 3:41,13.666,,,,,
1509,8/8/19 4:41,13.257,,,,,
1510,8/8/19 5:41,12.871,,,,,
1511,8/8/19 6:41,12.509,,,,,
1512,8/8/19 7:41,12.292,,,,,
1513,8/8/19 8:41,12.364,,,,,
1514,8/8/19 9:41,12.703,,,,,
1515,8/8/19 10:41,13.088,,,,,
1516,8/8/19 11:41,13.642,,,,,
1517,8/8/19 12:41,14.577,,,,,
1518,8/8/19 13:41,15.39,,,,,
1519,8/8/19 14:41,16.106,,,,,
1520,8/8/19 15:41,16.654,,,,,
1521,8/8/19 16:41,17.153,,,,,
1522,8/8/19 17:41,17.439,,,,,
1523,8/8/19 18:41,17.439,,,,,
1524,8/8/19 19:41,17.249,,,,,
1525,8/8/19 20:41,16.892,,,,,
1526,8/8/19 21:41,16.63,,,,,
1527,8/8/19 22:41,16.153,,,,,
1528,8/8/19 23:41,15.676,,,,,
1529,8/9/19 0:41,15.247,,,,,
1530,8/9/19 1:41,14.816,,,,,
1531,8/9/19 2:41,14.385,,,,,
1532,8/9/19 3:41,13.93,,,,,
1533,8/9/19 4:41,13.449,,,,,
1534,8/9/19 5:41,12.992,,,,,
1535,8/9/19 6:41,12.606,,,,,
1536,8/9/19 7:41,12.34,,,,,
1537,8/9/19 8:41,12.268,,,,,
1538,8/9/19 9:41,12.413,,,,,
1539,8/9/19 10:41,12.896,,,,,
1540,8/9/19 11:41,13.353,,,,,
1541,8/9/19 12:41,14.194,,,,,
1542,8/9/19 13:41,14.96,,,,,
1543,8/9/19 14:41,15.7,,,,,
1544,8/9/19 15:41,16.749,,,,,
1545,8/9/19 16:41,17.058,,,,,
1546,8/9/19 17:41,17.439,,,,,
1547,8/9/19 18:41,17.296,,,,,
1548,8/9/19 19:41,17.249,,,,,
1549,8/9/19 20:41,17.13,,,,,
1550,8/9/19 21:41,16.677,,,,,
1551,8/9/19 22:41,16.106,,,,,
1552,8/9/19 23:41,15.652,,,,,
1553,8/10/19 0:41,15.39,,,,,
1554,8/10/19 1:41,15.247,,,,,
1555,8/10/19 2:41,15.055,,,,,
1556,8/10/19 3:41,14.768,,,,,
1557,8/10/19 4:41,14.457,,,,,
1558,8/10/19 5:41,14.122,,,,,
1559,8/10/19 6:41,13.858,,,,,
1560,8/10/19 7:41,13.666,,,,,
1561,8/10/19 8:41,13.57,,,,,
1562,8/10/19 9:41,13.546,,,,,
1563,8/10/19 10:41,14.002,,,,,
1564,8/10/19 11:41,14.385,,,,,
1565,8/10/19 12:41,14.577,,,,,
1566,8/10/19 13:41,14.601,,,,,
1567,8/10/19 14:41,14.912,,,,,
1568,8/10/19 15:41,15.318,,,,,
1569,8/10/19 16:41,15.772,,,,,
1570,8/10/19 17:41,16.272,,,,,
1571,8/10/19 18:41,15.963,,,,,
1572,8/10/19 19:41,15.867,,,,,
1573,8/10/19 20:41,15.748,,,,,
1574,8/10/19 21:41,15.581,,,,,
1575,8/10/19 22:41,15.342,,,,,
1576,8/10/19 23:41,15.127,,,,,
1577,8/11/19 0:41,14.912,,,,,
1578,8/11/19 1:41,14.649,,,,,
1579,8/11/19 2:41,14.337,,,,,
1580,8/11/19 3:41,13.858,,,,,
1581,8/11/19 4:41,13.473,,,,,
1582,8/11/19 5:41,13.112,,,,,
1583,8/11/19 6:41,12.751,,,,,
1584,8/11/19 7:41,12.461,,,,,
1585,8/11/19 8:41,12.364,,,,,
1586,8/11/19 9:41,12.606,,,,,
1587,8/11/19 10:41,13.04,,,,,
1588,8/11/19 11:41,13.786,,,,,
1589,8/11/19 12:41,13.81,,,,,
1590,8/11/19 13:41,14.721,,,,,
1591,8/11/19 14:41,15.605,,,,,
1592,8/11/19 15:41,15.843,,,,,
1593,8/11/19 16:41,16.582,,,,,
1594,8/11/19 17:41,16.915,,,,,
1595,8/11/19 18:41,17.225,,,,,
1596,8/11/19 19:41,16.892,,,,,
1597,8/11/19 20:41,16.534,,,,,
1598,8/11/19 21:41,16.32,,,,,
1599,8/11/19 22:41,15.986,,,,,
1600,8/11/19 23:41,15.533,,,,,
1601,8/12/19 0:41,15.079,,,,,
1602,8/12/19 1:41,14.649,,,,,
1603,8/12/19 2:41,14.194,,,,,
1604,8/12/19 3:41,13.69,,,,,
1605,8/12/19 4:41,13.137,,,,,
1606,8/12/19 5:41,12.654,,,,,
1607,8/12/19 6:41,12.219,,,,,
1608,8/12/19 7:41,11.856,,,,,
1609,8/12/19 8:41,11.734,,,,,
1610,8/12/19 9:41,11.88,,,,,
1611,8/12/19 10:41,12.292,,,,,
1612,8/12/19 11:41,12.92,,,,,
1613,8/12/19 12:41,13.81,,,,,
1614,8/12/19 13:41,14.721,,,,,
1615,8/12/19 14:41,15.581,,,,,
1616,8/12/19 15:41,16.344,,,,,
1617,8/12/19 16:41,16.701,,,,,
1618,8/12/19 17:41,17.058,,,,,
1619,8/12/19 18:41,17.201,,,,,
1620,8/12/19 19:41,17.201,,,,,
1621,8/12/19 20:41,17.177,,,,,
1622,8/12/19 21:41,16.963,,,,,
1623,8/12/19 22:41,16.534,,,,,
1624,8/12/19 23:41,16.129,,,,,
1625,8/13/19 0:41,15.772,,,,,
1626,8/13/19 1:41,15.509,,,,,
1627,8/13/19 2:41,15.151,,,,,
1628,8/13/19 3:41,14.936,,,,,
1629,8/13/19 4:41,14.697,,,,,
1630,8/13/19 5:41,14.433,,,,,
1631,8/13/19 6:41,14.146,,,,,
1632,8/13/19 7:41,13.906,,,,,
1633,8/13/19 8:41,13.786,,,,,
1634,8/13/19 9:41,13.738,,,,,
1635,8/13/19 10:41,13.762,,,,,
1636,8/13/19 11:41,13.954,,,,,
1637,8/13/19 12:41,14.242,,,,,
1638,8/13/19 13:41,14.768,,,,,
1639,8/13/19 14:41,14.768,,,,,
1640,8/13/19 15:41,15.247,,,,,
1641,8/13/19 16:41,15.366,,,,,
1642,8/13/19 17:41,15.461,,,,,
1643,8/13/19 18:41,15.509,,,,,
1644,8/13/19 19:41,15.605,,,,,
1645,8/13/19 20:41,15.581,,,,,
1646,8/13/19 21:41,15.557,,,,,
1647,8/13/19 22:41,15.485,,,,,
1648,8/13/19 23:41,15.366,,,,,
1649,8/14/19 0:41,15.247,,,,,
1650,8/14/19 1:41,15.127,,,,,
1651,8/14/19 2:41,14.984,,,,,
1652,8/14/19 3:41,14.816,,,,,
1653,8/14/19 4:41,14.673,,,,,
1654,8/14/19 5:41,14.481,,,,,
1655,8/14/19 6:41,14.337,,,,,
1656,8/14/19 7:41,14.242,,,,,
1657,8/14/19 8:41,14.122,,,,,
1658,8/14/19 9:41,14.146,,,,,
1659,8/14/19 10:41,14.146,,,,,
1660,8/14/19 11:41,14.409,,,,,
1661,8/14/19 12:41,14.361,,,,,
1662,8/14/19 13:41,14.625,,,,,
1663,8/14/19 14:41,15.557,,,,,
1664,8/14/19 15:41,15.891,,,,,
1665,8/14/19 16:41,16.487,,,,,
1666,8/14/19 17:41,16.511,,,,,
1667,8/14/19 18:41,16.582,,,,,
1668,8/14/19 19:41,16.296,,,,,
1669,8/14/19 20:41,15.963,,,,,
1670,8/14/19 21:41,15.867,,,,,
1671,8/14/19 22:41,15.676,,,,,
1672,8/14/19 23:41,15.485,,,,,
1673,8/15/19 0:41,15.199,,,,,
1674,8/15/19 1:41,14.96,,,,,
1675,8/15/19 2:41,14.673,,,,,
1676,8/15/19 3:41,14.409,,,,,
1677,8/15/19 4:41,14.218,,,,,
1678,8/15/19 5:41,14.026,,,,,
1679,8/15/19 6:41,13.858,,,,,
1680,8/15/19 7:41,13.666,,,,,
1681,8/15/19 8:41,13.642,,,,,
1682,8/15/19 9:41,13.714,,,,,
1683,8/15/19 10:41,13.858,,,,,
1684,8/15/19 11:41,14.146,,,,,
1685,8/15/19 12:41,14.625,,,,,
1686,8/15/19 13:41,15.414,,,,,
1687,8/15/19 14:41,15.461,,,,,
1688,8/15/19 15:41,15.533,,,,,
1689,8/15/19 16:41,15.772,,,,,
1690,8/15/19 17:41,15.748,,,,,
1691,8/15/19 18:41,15.605,,,,,
1692,8/15/19 19:41,15.438,,,,,
1693,8/15/19 20:41,15.342,,,,,
1694,8/15/19 21:41,15.247,,,,,
1695,8/15/19 22:41,15.055,,,,,
1696,8/15/19 23:41,14.888,,,,,
1697,8/16/19 0:41,14.792,,,,,
1698,8/16/19 1:41,14.673,,,,,
1699,8/16/19 2:41,14.577,,,,,
1700,8/16/19 3:41,14.433,,,,,
1701,8/16/19 4:41,14.242,,,,,
1702,8/16/19 5:41,14.002,,,,,
1703,8/16/19 6:41,13.786,,,,,
1704,8/16/19 7:41,13.618,,,,,
1705,8/16/19 8:41,13.497,,,,,
1706,8/16/19 9:41,13.473,,,,,
1707,8/16/19 10:41,13.618,,,,,
1708,8/16/19 11:41,14.026,,,,,
1709,8/16/19 12:41,14.673,,,,,
1710,8/16/19 13:41,15.008,,,,,
1711,8/16/19 14:41,14.864,,,,,
1712,8/16/19 15:41,15.031,,,,,
1713,8/16/19 16:41,15.103,,,,,
1714,8/16/19 17:41,15.103,,,,,
1715,8/16/19 18:41,15.103,,,,,
1716,8/16/19 19:41,15.127,,,,,
1717,8/16/19 20:41,15.055,,,,,
1718,8/16/19 21:41,14.888,,,,,
1719,8/16/19 22:41,14.649,,,,,
1720,8/16/19 23:41,14.385,,,,,
1721,8/17/19 0:41,14.074,,,,,
1722,8/17/19 1:41,13.642,,,,,
1723,8/17/19 2:41,13.185,,,,,
1724,8/17/19 3:41,12.485,,,,,
1725,8/17/19 4:41,12.268,,,,,
1726,8/17/19 5:41,11.88,,,,,
1727,8/17/19 6:41,11.419,,,,,
1728,8/17/19 7:41,11.151,,,,,
1729,8/17/19 8:41,11.029,,,,,
1730,8/17/19 9:41,11.029,,,,,
1731,8/17/19 10:41,11.419,,,,,
1732,8/17/19 11:41,12.219,,,,,
1733,8/17/19 12:41,12.703,,,,,
1734,8/17/19 13:41,13.257,,,,,
1735,8/17/19 14:41,13.546,,,,,
1736,8/17/19 15:41,14.05,,,,,
1737,8/17/19 16:41,14.457,,,,,
1738,8/17/19 17:41,14.457,,,,,
1739,8/17/19 18:41,14.433,,,,,
1740,8/17/19 19:41,13.834,,,,,
1741,8/17/19 20:41,13.449,,,,,
1742,8/17/19 21:41,13.088,,,,,
1743,8/17/19 22:41,12.751,,,,,
1744,8/17/19 23:41,12.461,,,,,
1745,8/18/19 0:41,12.122,,,,,
1746,8/18/19 1:41,11.832,,,,,
1747,8/18/19 2:41,11.492,,,,,
1748,8/18/19 3:41,11.053,,,,,
1749,8/18/19 4:41,10.663,,,,,
1750,8/18/19 5:41,10.247,,,,,
1751,8/18/19 6:41,9.928,,,,,
1752,8/18/19 7:41,9.706,,,,,
1753,8/18/19 8:41,9.485,,,,,
1754,8/18/19 9:41,9.509,,,,,
1755,8/18/19 10:41,9.756,,,,,
1756,8/18/19 11:41,10.296,,,,,
1757,8/18/19 12:41,10.907,,,,,
1758,8/18/19 13:41,11.565,,,,,
1759,8/18/19 14:41,12.098,,,,,
1760,8/18/19 15:41,12.606,,,,,
1761,8/18/19 16:41,12.944,,,,,
1762,8/18/19 17:41,12.944,,,,,
1763,8/18/19 18:41,12.703,,,,,
1764,8/18/19 19:41,12.292,,,,,
1765,8/18/19 20:41,11.88,,,,,
1766,8/18/19 21:41,11.54,,,,,
1767,8/18/19 22:41,11.151,,,,,
1768,8/18/19 23:41,10.785,,,,,
1769,8/19/19 0:41,10.418,,,,,
1770,8/19/19 1:41,10.124,,,,,
1771,8/19/19 2:41,9.854,,,,,
1772,8/19/19 3:41,9.558,,,,,
1773,8/19/19 4:41,9.287,,,,,
1774,8/19/19 5:41,8.891,,,,,
1775,8/19/19 6:41,8.494,,,,,
1776,8/19/19 7:41,8.195,,,,,
1777,8/19/19 8:41,8.145,,,,,
1778,8/19/19 9:41,8.369,,,,,
1779,8/19/19 10:41,8.593,,,,,
1780,8/19/19 11:41,8.841,,,,,
1781,8/19/19 12:41,9.657,,,,,
1782,8/19/19 13:41,10.467,,,,,
1783,8/19/19 14:41,11.102,,,,,
1784,8/19/19 15:41,11.783,,,,,
1785,8/19/19 16:41,12.34,,,,,
1786,8/19/19 17:41,12.243,,,,,
1787,8/19/19 18:41,12.461,,,,,
1788,8/19/19 19:41,12.074,,,,,
1789,8/19/19 20:41,11.759,,,,,
1790,8/19/19 21:41,11.443,,,,,
1791,8/19/19 22:41,11.175,,,,,
1792,8/19/19 23:41,11.029,,,,,
1793,8/20/19 0:41,10.932,,,,,
1794,8/20/19 1:41,10.834,,,,,
1795,8/20/19 2:41,10.614,,,,,
1796,8/20/19 3:41,10.345,,,,,
1797,8/20/19 4:41,10.051,,,,,
1798,8/20/19 5:41,9.756,,,,,
1799,8/20/19 6:41,9.485,,,,,
1800,8/20/19 7:41,9.312,,,,,
1801,8/20/19 8:41,9.163,,,,,
1802,8/20/19 9:41,9.04,,,,,
1803,8/20/19 10:41,9.015,,,,,
1804,8/20/19 11:41,9.163,,,,,
1805,8/20/19 12:41,9.485,,,,,
1806,8/20/19 13:41,9.977,,,,,
1807,8/20/19 14:41,10.687,,,,,
1808,8/20/19 15:41,11.005,,,,,
1809,8/20/19 16:41,11.224,,,,,
1810,8/20/19 17:41,11.467,,,,,
1811,8/20/19 18:41,11.419,,,,,
1812,8/20/19 19:41,11.321,,,,,
1813,8/20/19 20:41,11.248,,,,,
1814,8/20/19 21:41,11.151,,,,,
1815,8/20/19 22:41,11.053,,,,,
1816,8/20/19 23:41,10.932,,,,,
1817,8/21/19 0:41,10.761,,,,,
1818,8/21/19 1:41,10.541,,,,,
1819,8/21/19 2:41,10.271,,,,,
1820,8/21/19 3:41,9.903,,,,,
1821,8/21/19 4:41,9.583,,,,,
1822,8/21/19 5:41,9.188,,,,,
1823,8/21/19 6:41,8.792,,,,,
1824,8/21/19 7:41,8.568,,,,,
1825,8/21/19 8:41,8.568,,,,,
1826,8/21/19 9:41,8.643,,,,,
1827,8/21/19 10:41,9.089,,,,,
1828,8/21/19 11:41,9.534,,,,,
1829,8/21/19 12:41,9.78,,,,,
1830,8/21/19 13:41,9.805,,,,,
1831,8/21/19 14:41,10.443,,,,,
1832,8/21/19 15:41,10.443,,,,,
1833,8/21/19 16:41,11.151,,,,,
1834,8/21/19 17:41,11.783,,,,,
1835,8/21/19 18:41,11.686,,,,,
1836,8/21/19 19:41,11.394,,,,,
1837,8/21/19 20:41,11.175,,,,,
1838,8/21/19 21:41,11.005,,,,,
1839,8/21/19 22:41,10.834,,,,,
1840,8/21/19 23:41,10.761,,,,,
1841,8/22/19 0:41,10.663,,,,,
1842,8/22/19 1:41,10.418,,,,,
1843,8/22/19 2:41,10.173,,,,,
1844,8/22/19 3:41,9.829,,,,,
1845,8/22/19 4:41,9.485,,,,,
1846,8/22/19 5:41,9.139,,,,,
1847,8/22/19 6:41,8.891,,,,,
1848,8/22/19 7:41,8.817,,,,,
1849,8/22/19 8:41,8.817,,,,,
1850,8/22/19 9:41,8.99,,,,,
1851,8/22/19 10:41,9.386,,,,,
1852,8/22/19 11:41,9.977,,,,,
1853,8/22/19 12:41,10.834,,,,,
1854,8/22/19 13:41,11.127,,,,,
1855,8/22/19 14:41,11.346,,,,,
1856,8/22/19 15:41,12.147,,,,,
1857,8/22/19 16:41,12.751,,,,,
1858,8/22/19 17:41,12.654,,,,,
1859,8/22/19 18:41,12.364,,,,,
1860,8/22/19 19:41,12.171,,,,,
1861,8/22/19 20:41,12.074,,,,,
1862,8/22/19 21:41,11.783,,,,,
1863,8/22/19 22:41,11.346,,,,,
1864,8/22/19 23:41,10.956,,,,,
1865,8/23/19 0:41,10.638,,,,,
1866,8/23/19 1:41,10.32,,,,,
1867,8/23/19 2:41,9.977,,,,,
1868,8/23/19 3:41,9.583,,,,,
1869,8/23/19 4:41,9.238,,,,,
1870,8/23/19 5:41,8.841,,,,,
1871,8/23/19 6:41,8.469,,,,,
1872,8/23/19 7:41,8.145,,,,,
1873,8/23/19 8:41,8.07,,,,,
1874,8/23/19 9:41,8.319,,,,,
1875,8/23/19 10:41,8.742,,,,,
1876,8/23/19 11:41,9.361,,,,,
1877,8/23/19 12:41,10.369,,,,,
1878,8/23/19 13:41,10.663,,,,,
1879,8/23/19 14:41,11.102,,,,,
1880,8/23/19 15:41,11.029,,,,,
1881,8/23/19 16:41,11.613,,,,,
1882,8/23/19 17:41,12.098,,,,,
1883,8/23/19 18:41,12.05,,,,,
1884,8/23/19 19:41,11.783,,,,,
1885,8/23/19 20:41,11.686,,,,,
1886,8/23/19 21:41,11.54,,,,,
1887,8/23/19 22:41,11.394,,,,,
1888,8/23/19 23:41,11.273,,,,,
1889,8/24/19 0:41,11.053,,,,,
1890,8/24/19 1:41,10.785,,,,,
1891,8/24/19 2:41,10.467,,,,,
1892,8/24/19 3:41,10.051,,,,,
1893,8/24/19 4:41,9.682,,,,,
1894,8/24/19 5:41,9.312,,,,,
1895,8/24/19 6:41,9.04,,,,,
1896,8/24/19 7:41,8.767,,,,,
1897,8/24/19 8:41,8.693,,,,,
1898,8/24/19 9:41,9.064,,,,,
1899,8/24/19 10:41,9.188,,,,,
1900,8/24/19 11:41,9.361,,,,,
1901,8/24/19 12:41,9.805,,,,,
1902,8/24/19 13:41,11.127,,,,,
1903,8/24/19 14:41,11.053,,,,,
1904,8/24/19 15:41,10.932,,,,,
1905,8/24/19 16:41,11.832,,,,,
1906,8/24/19 17:41,12.05,,,,,
1907,8/24/19 18:41,12.364,,,,,
1908,8/24/19 19:41,12.195,,,,,
1909,8/24/19 20:41,11.977,,,,,
1910,8/24/19 21:41,11.589,,,,,
1911,8/24/19 22:41,11.297,,,,,
1912,8/24/19 23:41,11.127,,,,,
1913,8/25/19 0:41,11.029,,,,,
1914,8/25/19 1:41,10.932,,,,,
1915,8/25/19 2:41,10.81,,,,,
1916,8/25/19 3:41,10.565,,,,,
1917,8/25/19 4:41,10.026,,,,,
1918,8/25/19 5:41,9.583,,,,,
1919,8/25/19 6:41,9.188,,,,,
1920,8/25/19 7:41,8.941,,,,,
1921,8/25/19 8:41,8.916,,,,,
1922,8/25/19 9:41,8.99,,,,,
1923,8/25/19 10:41,9.188,,,,,
1924,8/25/19 11:41,9.583,,,,,
1925,8/25/19 12:41,10.026,,,,,
1926,8/25/19 13:41,9.805,,,,,
1927,8/25/19 14:41,10.712,,,,,
1928,8/25/19 15:41,11.102,,,,,
1929,8/25/19 16:41,11.029,,,,,
1930,8/25/19 17:41,11.029,,,,,
1931,8/25/19 18:41,11.102,,,,,
1932,8/25/19 19:41,11.248,,,,,
1933,8/25/19 20:41,11.127,,,,,
1934,8/25/19 21:41,10.956,,,,,
1935,8/25/19 22:41,10.687,,,,,
1936,8/25/19 23:41,10.492,,,,,
1937,8/26/19 0:41,10.345,,,,,
1938,8/26/19 1:41,10.247,,,,,
1939,8/26/19 2:41,9.977,,,,,
1940,8/26/19 3:41,9.632,,,,,
1941,8/26/19 4:41,9.386,,,,,
1942,8/26/19 5:41,9.139,,,,,
1943,8/26/19 6:41,8.891,,,,,
1944,8/26/19 7:41,8.717,,,,,
1945,8/26/19 8:41,8.693,,,,,
1946,8/26/19 9:41,8.792,,,,,
1947,8/26/19 10:41,8.841,,,,,
1948,8/26/19 11:41,9.089,,,,,
1949,8/26/19 12:41,10.026,,,,,
1950,8/26/19 13:41,10.59,,,,,
1951,8/26/19 14:41,11.419,,,,,
1952,8/26/19 15:41,11.248,,,,,
1953,8/26/19 16:41,11.005,,,,,
1954,8/26/19 17:41,11.71,,,,,
1955,8/26/19 18:41,11.807,,,,,
1956,8/26/19 19:41,11.783,,,,,
1957,8/26/19 20:41,11.613,,,,,
1958,8/26/19 21:41,11.346,,,,,
1959,8/26/19 22:41,11.127,,,,,
1960,8/26/19 23:41,10.858,,,,,
1961,8/27/19 0:41,10.59,,,,,
1962,8/27/19 1:41,10.32,,,,,
1963,8/27/19 2:41,10.026,,,,,
1964,8/27/19 3:41,9.706,,,,,
1965,8/27/19 4:41,9.361,,,,,
1966,8/27/19 5:41,8.99,,,,,
1967,8/27/19 6:41,8.643,,,,,
1968,8/27/19 7:41,8.369,,,,,
1969,8/27/19 8:41,8.195,,,,,
1970,8/27/19 9:41,8.195,,,,,
1971,8/27/19 10:41,8.519,,,,,
1972,8/27/19 11:41,9.114,,,,,
1973,8/27/19 12:41,9.879,,,,,
1974,8/27/19 13:41,10.271,,,,,
1975,8/27/19 14:41,10.59,,,,,
1976,8/27/19 15:41,11.37,,,,,
1977,8/27/19 16:41,12.147,,,,,
1978,8/27/19 17:41,12.437,,,,,
1979,8/27/19 18:41,12.437,,,,,
1980,8/27/19 19:41,12.509,,,,,
1981,8/27/19 20:41,11.977,,,,,
1982,8/27/19 21:41,11.321,,,,,
1983,8/27/19 22:41,10.81,,,,,
1984,8/27/19 23:41,10.516,,,,,
1985,8/28/19 0:41,10.516,,,,,
1986,8/28/19 1:41,10.418,,,,,
1987,8/28/19 2:41,10.271,,,,,
1988,8/28/19 3:41,10.1,,,,,
1989,8/28/19 4:41,9.879,,,,,
1990,8/28/19 5:41,9.632,,,,,
1991,8/28/19 6:41,9.312,,,,,
1992,8/28/19 7:41,8.99,,,,,
1993,8/28/19 8:41,8.742,,,,,
1994,8/28/19 9:41,8.668,,,,,
1995,8/28/19 10:41,8.792,,,,,
1996,8/28/19 11:41,8.965,,,,,
1997,8/28/19 12:41,9.903,,,,,
1998,8/28/19 13:41,10.712,,,,,
1999,8/28/19 14:41,11.394,,,,,
2000,8/28/19 15:41,12.001,,,,,
2001,8/28/19 16:41,12.485,,,,,
2002,8/28/19 17:41,12.219,,,,,
2003,8/28/19 18:41,12.34,,,,,
2004,8/28/19 19:41,12.389,,,,,
2005,8/28/19 20:41,12.268,,,,,
2006,8/28/19 21:41,12.05,,,,,
2007,8/28/19 22:41,11.929,,,,,
2008,8/28/19 23:41,11.832,,,,,
2009,8/29/19 0:41,11.686,,,,,
2010,8/29/19 1:41,11.516,,,,,
2011,8/29/19 2:41,11.37,,,,,
2012,8/29/19 3:41,11.2,,,,,
2013,8/29/19 4:41,11.029,,,,,
2014,8/29/19 5:41,10.834,,,,,
2015,8/29/19 6:41,10.492,,,,,
2016,8/29/19 7:41,10.075,,,,,
2017,8/29/19 8:41,9.879,,,,,
2018,8/29/19 9:41,9.903,,,,,
2019,8/29/19 10:41,10.1,,,,,
2020,8/29/19 11:41,10.492,,,,,
2021,8/29/19 12:41,11.053,,,,,
2022,8/29/19 13:41,11.71,,,,,
2023,8/29/19 14:41,12.316,,,,,
2024,8/29/19 15:41,12.751,,,,,
2025,8/29/19 16:41,13.112,,,,,
2026,8/29/19 17:41,13.257,,,,,
2027,8/29/19 18:41,13.185,,,,,
2028,8/29/19 19:41,12.968,,,,,
2029,8/29/19 20:41,12.727,,,,,
2030,8/29/19 21:41,12.316,,,,,
2031,8/29/19 22:41,11.929,,,,,
2032,8/29/19 23:41,11.54,,,,,
2033,8/30/19 0:41,11.2,,,,,
2034,8/30/19 1:41,10.81,,,,,
2035,8/30/19 2:41,10.418,,,,,
2036,8/30/19 3:41,10.026,,,,,
2037,8/30/19 4:41,9.632,,,,,
2038,8/30/19 5:41,9.188,,,,,
2039,8/30/19 6:41,8.742,,,,,
2040,8/30/19 7:41,8.394,,,,,
2041,8/30/19 8:41,8.27,,,,,
2042,8/30/19 9:41,8.344,,,,,
2043,8/30/19 10:41,8.568,,,,,
2044,8/30/19 11:41,9.04,,,,,
2045,8/30/19 12:41,9.632,,,,,
2046,8/30/19 13:41,10.124,,,,,
2047,8/30/19 14:41,10.932,,,,,
2048,8/30/19 15:41,11.589,,,,,
2049,8/30/19 16:41,12.025,,,,,
2050,8/30/19 17:41,12.171,,,,,
2051,8/30/19 18:41,12.074,,,,,
2052,8/30/19 19:41,11.929,,,,,
2053,8/30/19 20:41,11.783,,,,,
2054,8/30/19 21:41,11.492,,,,,
2055,8/30/19 22:41,11.248,,,,,
2056,8/30/19 23:41,11.029,,,,,
2057,8/31/19 0:41,10.834,,,,,
2058,8/31/19 1:41,10.614,,,,,
2059,8/31/19 2:41,10.369,,,,,
2060,8/31/19 3:41,10.149,,,,,
2061,8/31/19 4:41,9.903,,,,,
2062,8/31/19 5:41,9.657,,,,,
2063,8/31/19 6:41,9.435,,,,,
2064,8/31/19 7:41,9.312,,,,,
2065,8/31/19 8:41,9.139,,,,,
2066,8/31/19 9:41,9.064,,,,,
2067,8/31/19 10:41,9.114,,,,,